texts,category,process_time
‡∏ã‡∏∑‡πâ‡∏≠‡πÅ‡∏ï‡πà‡∏ú‡πâ‡∏≤‡∏≠‡∏ô‡∏≤‡∏°‡∏±‡∏¢‡πÅ‡∏ö‡∏ö‡πÄ‡∏¢‡πá‡∏ô‡∏°‡∏≤‡∏Ñ‡πà‡∏∞ ‡πÅ‡∏ö‡∏ö‡∏ß‡πà‡∏≤‡∏≠‡∏µ‡∏´‡πà‡∏≤‡∏Å‡∏π‡∏ô‡∏≠‡∏ô‡πÑ‡∏°‡πà‡πÑ‡∏î‡πâ,"negative 
",1.8928115367889404
‡∏Ñ‡∏£‡∏±‡∏ö #phithanbkk,"neutral 
",0.6925802230834961
‡∏Å‡∏≤‡∏£‡∏î‡πà‡∏≤‡πÑ‡∏õ‡πÄ‡∏´‡∏°‡∏∑‡∏≠‡∏ô‡πÑ‡∏î‡πâ‡∏ö‡∏£‡∏£‡πÄ‡∏ó‡∏≤‡∏Ñ‡∏ß‡∏≤‡∏°‡πÄ‡∏Ñ‡∏£‡∏µ‡∏¢‡∏î‡πÄ‡∏â‡∏¢‡πÜ ‡πÅ‡∏ï‡πà‡∏ö‡∏µ‡∏ó‡∏µ‡πÄ‡∏≠‡∏™ (‡∏£‡∏ñ‡πÑ‡∏ü‡∏ü‡πâ‡∏≤) ‡∏°‡∏±‡∏ô‡∏™‡∏≥‡∏ô‡∏∂‡∏Å‡∏°‡∏±‡πâ‡∏¢ ‡∏Å‡πá‡πÑ‡∏°‡πà‡∏≠‡πà‡∏∞ üòï,"negative 
",1.1128478050231934
Cf clarins 5 ‡∏Ç‡∏ß‡∏î 2850,"neutral 
",0.6655817031860352
‡∏ó‡∏≤‡∏ô‡πÑ‡∏î‡πâ‡∏Ñ‡πà‡∏∞ ‡∏ô‡πâ‡∏≥‡∏ã‡∏∏‡∏õ MK ‡∏ï‡πâ‡∏°‡∏°‡∏≤‡∏à‡∏≤‡∏Å‡∏´‡∏±‡∏ß‡∏ú‡∏±‡∏Å‡∏Å‡∏≤‡∏î ‡∏ã‡∏µ‡∏≠‡∏¥‡πâ‡∏ß‡∏Ç‡∏≤‡∏ß ‡πÄ‡∏Å‡∏•‡∏∑‡∏≠ ‡πÅ‡∏•‡∏ô‡πâ‡∏≥‡∏ï‡∏≤‡∏•‡∏Ñ‡πà‡∏∞,"positive 
",1.0059287548065186
‡πÄ‡∏Ñ‡∏•‡πá‡∏î‡∏•‡∏±‡∏ö‡∏ó‡∏µ‡πà‡∏Ç‡∏≤‡∏î‡πÑ‡∏°‡πà‡πÑ‡∏î‡πâ‡πÉ‡∏ô‡∏Å‡∏≤‡∏£‡∏õ‡πâ‡∏≠‡∏á‡∏Å‡∏±‡∏ô‡∏ú‡∏¥‡∏ß‡∏à‡∏≤‡∏Å‡πÅ‡∏™‡∏á‡πÅ‡∏î‡∏î ‡∏Ñ‡∏∑‡∏≠‡∏Å‡∏≤‡∏£‡∏ó‡∏≤‡∏Ñ‡∏£‡∏µ‡∏°‡∏Å‡∏±‡∏ô‡πÅ‡∏î‡∏î ‡∏™‡∏≤‡∏ß‡πÜ‡∏ö‡πâ‡∏≤‡∏á‡∏Ñ‡∏ô‡∏≠‡∏≤‡∏à‡∏à‡∏∞‡∏Ñ‡∏¥‡∏î‡∏ß‡πà‡∏≤‡∏°‡∏±‡∏ô‡πÑ‡∏°‡πà‡πÉ‡∏ä‡πà‡πÄ‡∏£‡∏∑‡πà‡∏≠‡∏á‡∏™‡∏≥‡∏Ñ‡∏±‡∏ç‡πÄ‡∏ó‡πà‡∏≤‡πÑ‡∏´‡∏£‡πà ‡πÅ‡∏ï‡πà‡∏ö‡∏≠‡∏Å‡πÄ‡∏•‡∏¢‡∏ß‡πà‡∏≤ ‡∏ú‡∏¥‡∏î‡∏°‡∏≤‡∏Å ‡πÄ‡∏û‡∏£‡∏≤‡∏∞‡πÅ‡∏™‡∏á‡πÅ‡∏î‡∏î‡∏™‡∏°‡∏±‡∏¢‡∏ô‡∏µ‡πâ‡πÅ‡∏£‡∏á‡∏°‡∏≤‡∏Å ‡πÅ‡∏•‡∏∞‡∏°‡∏µ‡∏≠‡∏ô‡∏∏‡∏†‡∏≤‡∏û‡∏Å‡∏≤‡∏£‡∏ó‡∏≥‡∏•‡∏≤‡∏¢‡∏ú‡∏¥‡∏ß‡∏™‡∏π‡∏á‡∏°‡∏≤‡∏Å ‡∏ñ‡πâ‡∏≤‡πÑ‡∏°‡πà‡∏≠‡∏¢‡∏≤‡∏Å‡πÉ‡∏´‡πâ‡∏ú‡∏¥‡∏ß‡πÄ‡∏£‡∏≤‡∏ñ‡∏π‡∏Å‡∏ó‡∏≥‡∏£‡πâ‡∏≤‡∏¢‡πÅ‡∏ö‡∏ö‡∏ã‡πâ‡∏≥‡πÜ‡∏ã‡∏≤‡∏Å ‡∏Ñ‡∏ß‡∏£‡∏ó‡∏≤‡∏Ñ‡∏£‡∏µ‡∏°‡∏Å‡∏±‡∏ô‡πÅ‡∏î‡∏î‡∏ó‡∏µ‡πà‡∏î‡∏µ‡∏°‡∏µ‡∏Ñ‡∏∏‡∏ì‡∏†‡∏≤‡∏û‡∏≠‡∏¢‡πà‡∏≤‡∏á Eucerin Sun Age Repair Serum ‡∏õ‡∏±‡∏à‡∏à‡∏∏‡∏ö‡∏±‡∏ô‡∏Ñ‡∏£‡∏µ‡∏°‡∏Å‡∏±‡∏ô‡πÅ‡∏î‡∏î‡∏°‡∏µ‡∏°‡∏≤‡∏Å‡∏°‡∏≤‡∏¢‡πÉ‡∏´‡πâ‡πÄ‡∏£‡∏≤‡πÄ‡∏•‡∏∑‡∏≠‡∏Å‡∏ã‡∏∑‡πâ‡∏≠‡∏Å‡πá‡∏à‡∏£‡∏¥‡∏á ‡πÅ‡∏ï‡πà‡∏Å‡πá‡∏≠‡∏¢‡πà‡∏≤‡∏•‡∏∑‡∏°‡πÄ‡∏•‡∏∑‡∏≠‡∏Å‡∏™‡∏¥‡πà‡∏á‡∏ó‡∏µ‡πà‡∏î‡∏µ‡∏ó‡∏µ‡πà‡∏™‡∏∏‡∏î‡πÉ‡∏´‡πâ‡∏ï‡∏±‡∏ß‡πÄ‡∏£‡∏≤‡∏≠‡∏¢‡πà‡∏≤‡∏á Eucerin Sun Acne oil Control ‡∏Ñ‡πà‡∏∞,"positive 
",0.646390438079834
‡∏™‡∏≥‡∏´‡∏£‡∏±‡∏ö‡∏™‡∏π‡∏ï‡∏£‡∏Ç‡∏≠‡∏á‡∏ú‡∏° ‡∏Ñ‡∏∑‡∏≠ Jack Daniel's ‡∏´‡∏ß‡∏≤‡∏ô‡∏ã‡πà‡∏≠‡∏ô‡πÄ‡∏õ‡∏£‡∏µ‡πâ‡∏¢‡∏ß‡∏ä‡∏∑‡πà‡∏≠ Jack Yellow Life ‡∏™‡πà‡∏ß‡∏ô‡∏õ‡∏£‡∏∞‡∏Å‡∏≠‡∏ö Jack Daniel's 2 ‡∏ä‡∏≠‡∏ó ‡∏ô‡πâ‡∏≥‡πÄ‡∏Å‡πä‡∏Å‡∏Æ‡∏ß‡∏¢ ‡∏ô‡πâ‡∏≥‡∏°‡∏∞‡∏ô‡∏≤‡∏ß ‡πÉ‡∏ö‡∏°‡∏¥‡πâ‡∏ô‡∏ó‡πå ‡πÄ‡∏Å‡∏•‡∏∑‡∏≠‡πÄ‡∏•‡πá‡∏Å‡∏ô‡πâ‡∏≠‡∏¢ ‡∏ß‡∏¥‡∏ò‡∏µ‡∏õ‡∏£‡∏∏‡∏á ‡∏ô‡∏≥ JackDaniel's ‡∏°‡∏≤‡πÄ‡∏Ç‡∏¢‡πà‡∏≤‡∏Å‡∏±‡∏ö‡∏ô‡πâ‡∏≥‡πÄ‡∏Å‡πä‡∏Å‡∏Æ‡∏ß‡∏¢ ‡πÄ‡∏à‡∏∑‡∏≠‡∏î‡πâ‡∏ß‡∏¢‡∏ô‡πâ‡∏≥‡∏°‡∏∞‡∏ô‡∏≤‡∏ß‡∏ö‡∏≤‡∏á‡πÜ ‡∏ï‡∏Å‡πÅ‡∏ï‡πà‡∏á‡∏î‡πâ‡∏ß‡∏¢‡πÉ‡∏ö‡∏°‡∏¥‡πâ‡∏ô ‡πÄ‡∏™‡∏£‡∏¥‡∏ü‡∏î‡πâ‡∏ß‡∏¢‡πÅ‡∏Å‡πâ‡∏ß‡∏ó‡∏µ‡πà‡∏ó‡∏≤‡πÄ‡∏Å‡∏•‡∏∑‡∏≠‡πÑ‡∏ß‡πâ‡∏ó‡∏µ‡πà‡∏õ‡∏≤‡∏Å‡πÅ‡∏Å‡πâ‡∏ß ‡∏£‡∏™‡∏ä‡∏≤‡∏ï‡∏¥‡∏ó‡∏µ‡πà‡∏à‡∏∞‡πÑ‡∏î‡πâ‡∏Ñ‡∏∑‡∏≠‡∏´‡∏ß‡∏≤‡∏ô ‡∏´‡∏≠‡∏° ‡∏ã‡πà‡∏≠‡∏ô‡πÄ‡∏õ‡∏£‡∏µ‡πâ‡∏¢‡∏ß ‡∏î‡πâ‡∏ß‡∏¢‡∏Ñ‡∏≠‡∏ô‡πÄ‡∏ã‡πá‡∏õ‡∏ß‡πà‡∏≤‡∏ô‡∏µ‡πà‡πÅ‡∏´‡∏•‡∏∞‡∏Ñ‡∏∑‡∏≠‡∏ä‡∏µ‡∏ß‡∏¥‡∏ï ‡∏à‡∏∞‡∏´‡∏ß‡∏≤‡∏ô‡∏≠‡∏¢‡πà‡∏≤‡∏á‡πÄ‡∏î‡∏µ‡∏¢‡∏ß‡∏Å‡πá‡∏à‡∏∞‡πÄ‡∏•‡∏µ‡πà‡∏¢‡∏ô‡πÑ‡∏õ ‡∏à‡∏∞‡πÄ‡∏õ‡∏£‡∏µ‡πâ‡∏¢‡∏ß‡πÄ‡∏Å‡∏¥‡∏ô‡πÑ‡∏õ‡∏Å‡πá‡πÑ‡∏°‡πà‡πÉ‡∏ä‡πà‡πÄ‡∏£‡∏∑‡πà‡∏≠‡∏á ‡∏à‡∏∂‡∏á‡∏Ñ‡∏ß‡∏£‡∏à‡∏∞‡∏°‡∏µ‡∏ó‡∏±‡πâ‡∏á‡πÄ‡∏õ‡∏£‡∏µ‡πâ‡∏¢‡∏ß ‡∏ó‡∏±‡πâ‡∏á‡∏´‡∏ß‡∏≤‡∏ô‡∏Ñ‡∏•‡∏∞‡πÄ‡∏Ñ‡∏•‡πâ‡∏≤‡∏Å‡∏±‡∏ô‡πÑ‡∏õ‡∏Ñ‡∏£‡∏±‡∏ö,"positive 
",1.0621914863586426
‡πÄ‡∏à‡πâ‡∏ß‡πà‡∏≤‡∏Å‡∏≤‡∏£‡πå‡∏ô‡∏¥‡πÄ‡∏¢‡πà‡πÅ‡∏≠‡∏ö‡πÅ‡∏£‡∏á‡∏ô‡∏¥‡∏™‡∏´‡∏ô‡πà‡∏≠‡∏¢ ‡πÄ‡∏Ñ‡∏¢‡πÉ‡∏ä‡πâ‡πÇ‡∏¢‡πÄ‡∏Å‡∏¥‡∏£‡πå‡∏ï‡πÑ‡∏°‡πä ‡∏û‡∏£‡∏∏‡πâ‡∏á‡∏ô‡∏µ‡πâ‡∏•‡∏≠‡∏á‡∏û‡∏≠‡∏Å‡∏´‡∏ô‡πâ‡∏≤‡∏î‡∏π‡∏ó‡∏≥‡πÉ‡∏´‡πâ‡∏´‡∏ô‡πâ‡∏≤‡∏™‡∏ö‡∏≤‡∏¢‡∏Ç‡∏∂‡πâ‡∏ô ‡∏ô‡∏∏‡πà‡∏°‡∏Ç‡∏∂‡πâ‡∏ô ‡∏´‡∏≤‡∏¢‡πÑ‡∏ß‡πÑ‡∏ß‡∏ô‡πä‡∏≤‡∏≤‡∏≤‡∏≤,"positive 
",0.6591644287109375
‡πÄ‡∏≠‡πÖ‡∏à‡∏£‡∏¥‡∏á‡πÜ‡∏ñ‡πâ‡πÖ‡∏°‡∏±‡∏ô‡πÄ‡∏õ‡∏¥‡∏î‡πÉ‡∏´‡πâ‡πÉ‡∏ä‡πâ‡πÅ‡∏•‡∏∞‡∏ñ‡∏π‡∏Å‡∏Å‡∏é‡∏´‡∏°‡πÖ‡∏¢‡∏à‡∏£‡∏¥‡∏ß‡∏Ñ‡∏á‡∏Å‡∏•‡∏±‡∏ß‡∏à‡∏∞‡πÄ‡∏Å‡πá‡∏ö‡∏†‡πÖ‡∏©‡∏µ‡∏¢‡∏±‡∏á‡πÑ‡∏á‡∏£‡∏∂‡∏õ‡πà‡πÖ‡∏ß,"negative 
",0.9627382755279541
‡∏≠‡∏¥‡∏ú‡πâ‡∏≤‡∏≠‡∏ô‡∏≤‡∏°‡∏±‡∏¢‡πÄ‡∏´‡∏¥‡πâ‡∏¢ ‡∏ï‡∏¥‡∏î‡∏ó‡∏∏‡∏Å‡∏≠‡∏¢‡πà‡∏≤‡∏á ‡∏¢‡∏Å‡πÄ‡∏ß‡πâ‡∏ô‡∏Å‡∏≤‡∏á‡πÄ‡∏Å‡∏á‡πÉ‡∏ô,"negative 
",0.7393801212310791
‡πÑ‡∏≠‡πÄ‡∏´‡∏µ‡πâ‡∏¢‡∏û‡∏ß‡∏Å‡πÄ‡∏´‡∏µ‡πâ‡∏¢‡∏ñ‡πâ‡∏≤‡πÑ‡∏°‡πà‡πÑ‡∏î‡πâ‡∏†‡∏≤‡∏©‡∏µ‡πÅ‡∏°‡πà‡∏á‡∏à‡∏±‡∏ö‡∏´‡∏°‡∏î‡πÑ‡∏≠‡∏™‡∏±‡∏™ ‡∏ô‡∏≤‡∏¢‡∏Å‡∏Å‡πâ‡∏ô‡∏¥‡πà‡∏á‡πÑ‡∏°‡πà‡∏°‡∏≠‡∏á‡∏î‡∏π‡∏õ‡∏£‡∏∞‡∏ä‡∏≤‡∏ä‡∏ô‡πÄ‡∏•‡∏¢ #‡∏ô‡∏µ‡πà‡∏´‡∏£‡∏∑‡∏≠‡∏õ‡∏£‡∏∞‡πÄ‡∏ó‡∏®‡πÑ‡∏ó‡∏¢,"negative 
",0.7001538276672363
#SinghaPark #SinghaParkChiangRai #SocialEnterprise #‡∏™‡∏¥‡∏á‡∏´‡πå‡∏õ‡∏≤‡∏£‡πå‡∏Ñ‡πÄ‡∏ä‡∏µ‡∏¢‡∏á‡∏£‡∏≤‡∏¢ ‡πÄ‡∏ó‡∏®‡∏Å‡∏≤‡∏•‡πÅ‡∏´‡πà‡∏á‡∏Ñ‡∏ß‡∏≤‡∏°‡∏™‡∏∏‡∏Ç üíõ ‡∏°‡∏≤‡∏ñ‡πà‡∏≤‡∏¢‡∏£‡∏π‡∏õ‡∏™‡∏ß‡∏¢‡πÜ ‡∏ó‡∏µ‡πà‡∏™‡∏¥‡∏á‡∏´‡πå‡∏õ‡∏≤‡∏£‡πå‡∏Ñ ‡πÄ‡∏ä‡∏µ‡∏¢‡∏á‡∏£‡∏≤‡∏¢ ‡∏Å‡∏±‡∏ô‡πÄ‡∏ñ‡∏≠‡∏∞! credit ig --------------------------- ***Application 'Singhapark' app ‡∏ó‡∏µ‡πà‡∏à‡∏∞‡∏ä‡πà‡∏ß‡∏¢‡πÄ‡∏õ‡∏¥‡∏î‡∏õ‡∏£‡∏∞‡∏™‡∏ö‡∏Å‡∏≤‡∏£‡∏ì‡πå‡∏Å‡∏≤‡∏£‡∏ó‡πà‡∏≠‡∏á‡πÄ‡∏ó‡∏µ‡πà‡∏¢‡∏ß‡∏ó‡∏µ‡πà‡∏™‡∏¥‡∏á‡∏´‡πå‡∏õ‡∏≤‡∏£‡πå‡∏Ñ‡πÄ‡∏ä‡∏µ‡∏¢‡∏á‡∏£‡∏≤‡∏¢‡πÉ‡∏´‡πâ‡∏™‡∏ô‡∏∏‡∏Å‡∏°‡∏≤‡∏Å‡∏Ç‡∏∂‡πâ‡∏ô ‡∏û‡∏£‡πâ‡∏≠‡∏°‡πÉ‡∏´‡πâ‡∏î‡∏≤‡∏ß‡∏ô‡πå‡πÇ‡∏´‡∏•‡∏î‡πÅ‡∏•‡πâ‡∏ß‡∏ß‡∏±‡∏ô‡∏ô‡∏µ‡πâ ‡∏Ñ‡∏•‡∏¥‡∏Å‡πÄ‡∏•‡∏¢ ----> ios : https://appsto.re/th/s-0gdb.i android : https://play.google.com/store/apps/details?id=com.singha.singhapark,"positive 
",0.6727404594421387
‡∏Å‡∏¥‡∏ô‡∏Å‡πà‡∏≠‡∏ô‡∏à‡πà‡∏≤‡∏¢‡∏ó‡∏µ‡∏´‡∏•‡∏±‡∏á‡πÑ‡∏á,"neutral 
",0.5834782123565674
‡∏´‡∏°‡∏π‡∏Å‡∏£‡∏∞‡∏ó‡∏∞ ‡∏ä‡∏≤‡∏ö‡∏π ‡∏ö‡∏∏‡∏ü‡πÄ‡∏ü‡∏ï‡πå ‡∏Æ‡∏≠‡∏ï‡∏û‡∏≠‡∏ï ‡∏ô‡∏µ‡πâ‡∏Ñ‡∏∑‡∏≠‡∏ä‡∏∑‡πà‡∏≠‡∏•‡∏π‡∏Å‡∏ô‡πâ‡∏≠‡∏á‡∏°‡∏∏‡∏Å,"neutral 
",0.64247727394104
‡∏™‡∏≥‡∏´‡∏£‡∏±‡∏ö‡∏á‡∏≤‡∏ô Transmisson : The Spirit of Warrior ‡∏ï‡πâ‡∏≠‡∏á‡∏Ç‡∏ß‡∏î‡∏ô‡∏µ‡πâ‡∏Ñ‡πà‡∏∞ Jack Daniel's Tennessee Whiskey honey ‡∏õ‡πá‡∏ô‡∏ß‡∏¥‡∏™‡∏Å‡∏µ‡πâ‡∏ó‡∏µ‡πà‡πÇ‡∏î‡∏î‡πÄ‡∏î‡πà‡∏ô‡πÉ‡∏ô‡πÄ‡∏£‡∏∑‡πà‡∏≠‡∏á‡∏Ç‡∏≠‡∏á‡∏Ñ‡∏ß‡∏≤‡∏°‡∏´‡∏≠‡∏°‡∏´‡∏ß‡∏≤‡∏ô‡∏£‡∏≤‡∏ß‡∏Å‡∏±‡∏ö‡∏ô‡πâ‡∏≥‡∏ú‡∏∂‡πâ‡∏á(‡πÄ‡∏î‡∏∑‡∏≠‡∏ô5) ‡πÄ‡∏û‡∏£‡∏≤‡∏∞‡∏ô‡∏≥‡πÄ‡∏≠‡∏≤ Honey Liqueur ‡∏ñ‡∏∂‡∏á 4 ‡∏ä‡∏ô‡∏¥‡∏î‡∏ú‡∏™‡∏°‡πÄ‡∏Ç‡πâ‡∏≤‡πÑ‡∏õ ‡∏ó‡∏≥‡πÉ‡∏´‡πâ‡πÑ‡∏î‡πâ‡∏£‡∏™‡πÄ‡∏Ç‡πâ‡∏°‡∏Ç‡πâ‡∏ô‡πÄ‡∏´‡∏°‡∏∑‡∏≠‡∏ô‡∏Å‡∏±‡∏ö‡∏î‡∏∑‡πà‡∏°‡∏ô‡πâ‡∏≥‡∏ú‡∏∂‡πâ‡∏á‡∏≠‡∏¢‡∏π‡πà‡∏à‡∏£‡∏¥‡∏á ‡πÜ ‡πÅ‡∏ï‡πà‡πÑ‡∏°‡πà‡πÑ‡∏î‡πâ‡∏´‡∏ß‡∏≤‡∏ô‡∏°‡∏≤‡∏Å‡∏à‡∏ô‡∏ö‡∏≤‡∏î‡∏Ñ‡∏≠‡∏ô‡∏∞‡∏Ñ‡∏∞ ‡∏ú‡∏π‡πâ‡∏ä‡∏≤‡∏¢‡∏Å‡πá‡∏ä‡∏≠‡∏ö‡∏ú‡∏π‡πâ‡∏´‡∏ç‡∏¥‡∏á‡∏Å‡πá‡∏ï‡πâ‡∏≠‡∏á‡∏ö‡∏≠‡∏Å‡∏ß‡πà‡∏≤‡πÉ‡∏ä‡πà!! ‡πÅ‡∏•‡πâ‡∏ß‡πÄ‡∏à‡∏≠‡∏Å‡∏±‡∏ô‡∏Ñ‡πà‡∏∞ <3,"positive 
",0.6123497486114502
‡∏™‡∏¥‡∏ô‡∏≠‡∏≠‡πÇ‡∏ï‡πâ‡πÄ‡∏ã‡∏≠‡∏£‡πå‡∏ß‡∏¥‡∏™ ‡∏≠‡∏π‡πà‡πÄ‡∏ä‡∏ü‡πÇ‡∏£‡πÄ‡∏•‡∏ï ‡∏≠‡∏∞‡πÑ‡∏´‡∏•‡πà‡πÄ‡∏ä‡∏ü‡πÇ‡∏£‡πÄ‡∏•‡∏ï ‡∏≠‡∏π‡πà‡∏ã‡∏≤‡∏ü‡∏µ‡∏£‡πà‡∏≤ ‡∏≠‡∏∞‡πÑ‡∏´‡∏•‡πà‡∏ã‡∏≤‡∏ü‡∏µ‡∏£‡πà‡∏≤ ‡∏ï‡∏¥‡∏î‡∏≠‡∏≠‡∏¢‡πÄ‡∏Å‡∏µ‡∏¢‡∏£‡πå Cruze 1.8 ‡∏£‡∏≤‡∏Ñ‡∏≤‡πÄ‡∏ó‡πà‡∏≤‡πÑ‡∏´‡∏£‡πà‡∏Ñ‡∏£‡∏±‡∏ö ‡πÉ‡∏ä‡πâ‡∏£‡∏∞‡∏¢‡∏∞‡πÄ‡∏ß‡∏•‡∏≤‡∏ô‡∏≤‡∏ô‡πÅ‡∏Ñ‡πà‡πÑ‡∏´‡∏ô‡∏Ñ‡∏±‡∏ö,"question 
",0.6832883358001709
"‡∏â‡∏µ‡∏î jomalone english pear ‡∏°‡∏≤‡∏Ñ‡πà‡∏∞ ‡∏õ‡πâ‡∏≤‡∏ó‡∏±‡∏Å‡∏ß‡πà‡∏≤ ""‡∏Å‡∏•‡∏¥‡πà‡∏ô‡πÄ‡∏´‡∏°‡∏∑‡∏≠‡∏ô‡∏ö‡∏∏‡∏´‡∏£‡∏µ‡πà"" ‡∏£‡πâ‡∏≠‡∏á‡πÑ‡∏´‡πâ...","negative 
",0.5792551040649414
‡∏ï‡∏π‡πâ‡∏ß‡∏´‡∏π‡∏ß‡∏ß‡∏ß‡∏ß ‡∏Å‡∏∞‡πÄ‡∏û‡∏£‡∏≤‡πÄ‡∏õ‡πá‡∏î‡∏¢‡πà‡∏≤‡∏á‡∏á‡∏á‡∏á,"positive 
",0.606682538986206
‡∏†‡∏≤‡∏Ñ‡πÄ‡∏´‡∏ô‡∏∑‡∏≠‡πÑ‡∏°‡πà‡∏Ñ‡πà‡∏≠‡∏¢‡∏°‡∏µ‡∏™‡∏≤‡∏Ç‡∏≤‡πÄ‡∏•‡∏¢ ‡∏™‡∏≠‡∏á‡∏°‡∏≤‡∏ï‡∏£‡∏ê‡∏≤‡∏ô‡∏°‡∏≤‡∏Å!! ‡πÄ‡∏û‡∏¥‡πà‡∏°‡∏™‡∏≤‡∏Ç‡∏≤‡∏´‡∏ô‡πà‡∏≠‡∏¢‡∏™‡∏¥‡∏Ñ‡∏£‡∏±‡∏ö,"negative 
",0.6310067176818848
‡πÄ‡∏°‡∏∑‡πà‡∏≠‡∏≠‡∏≤‡∏¢‡∏∏‡πÄ‡∏û‡∏¥‡πà‡∏°‡∏°‡∏≤‡∏Å‡∏Ç‡∏∂‡πâ‡∏ô ‡∏£‡πà‡∏≤‡∏á‡∏Å‡∏≤‡∏¢‡∏Å‡πá‡πÄ‡∏£‡∏¥‡πà‡∏°‡πÄ‡∏™‡∏∑‡πà‡∏≠‡∏°‡∏ñ‡∏≠‡∏¢‡∏ï‡∏≤‡∏°‡πÑ‡∏õ‡∏î‡πâ‡∏ß‡∏¢ ‡∏™‡∏°‡∏≠‡∏á‡πÄ‡∏≠‡∏á‡∏Å‡πá‡πÄ‡∏ä‡πà‡∏ô‡∏Å‡∏±‡∏ô ‡πÅ‡∏•‡∏∞‡∏´‡∏≤‡∏Å‡∏ú‡∏π‡πâ‡∏™‡∏π‡∏á‡∏ß‡∏±‡∏¢‡∏°‡∏µ‡∏≠‡∏≤‡∏Å‡∏≤‡∏£‡∏´‡∏•‡∏á‡∏•‡∏∑‡∏° ‡∏Ñ‡∏ß‡∏≤‡∏°‡∏à‡∏≥‡∏£‡∏∞‡∏¢‡∏∞‡∏™‡∏±‡πâ‡∏ô‡πÑ‡∏°‡πà‡∏î‡∏µ ‡∏û‡∏π‡∏î‡∏ã‡πâ‡∏≥ ‡πÅ‡∏Å‡πâ‡∏õ‡∏±‡∏ç‡∏´‡∏≤‡πÑ‡∏°‡πà‡πÑ‡∏î‡πâ ‡πÄ‡∏™‡∏µ‡πà‡∏¢‡∏á‡πÇ‡∏£‡∏Ñ‡∏™‡∏°‡∏≠‡∏á‡πÄ‡∏™‡∏∑‡πà‡∏≠‡∏° ‡∏Ñ‡∏ß‡∏£‡∏£‡∏µ‡∏ö‡πÄ‡∏Ç‡πâ‡∏≤‡∏û‡∏ö‡πÅ‡∏û‡∏ó‡∏¢‡πå‡πÄ‡∏û‡∏∑‡πà‡∏≠‡πÄ‡∏Ç‡πâ‡∏≤‡∏£‡∏±‡∏ö‡∏Å‡∏≤‡∏£‡∏£‡∏±‡∏Å‡∏©‡∏≤‡∏ï‡∏±‡πâ‡∏á‡πÅ‡∏ï‡πà‡πÅ‡∏£‡∏Å‡πÄ‡∏£‡∏¥‡πà‡∏° ‡πÄ‡∏û‡∏∑‡πà‡∏≠‡∏î‡∏π‡πÅ‡∏•‡∏ï‡∏±‡∏ß‡πÄ‡∏≠‡∏á‡πÄ‡∏™‡∏µ‡∏¢‡∏ï‡∏±‡πâ‡∏á‡πÅ‡∏ï‡πà‡∏ï‡∏≠‡∏ô‡∏ô‡∏µ‡πâ‡∏ô‡∏∞‡∏Ñ‡∏∞,"negative 
",0.6296868324279785
‡∏ï‡∏π‡πâ‡∏¢‡∏≤‡∏≠‡∏≤‡∏¢‡∏∏‡∏ß‡∏±‡∏í‡∏ô‡∏∞‡πÄ‡∏Ñ‡∏•‡∏∑‡πà‡∏≠‡∏ô‡∏ó‡∏µ‡πà ‡∏Ç‡∏≠‡∏á‡∏î‡∏µ‡πÑ‡∏ó‡∏¢‡πÄ‡∏£‡∏≤‡∏ó‡∏µ‡πà‡∏≠‡∏¢‡∏≤‡∏Å‡∏ö‡∏≠‡∏Å‡∏ï‡πà‡∏≠ ‡∏°‡∏≤‡πÑ‡∏Ç‡∏Ñ‡∏ß‡∏≤‡∏°‡∏•‡∏±‡∏ö‡∏™‡∏∏‡∏Ç‡∏†‡∏≤‡∏û‡∏î‡∏µ‡∏Ç‡∏≠‡∏á‡∏ö‡∏£‡∏£‡∏û‡∏ä‡∏ô ‡∏ó‡∏µ‡πà‡∏°‡∏µ‡∏≠‡∏≤‡∏¢‡∏∏‡∏¢‡∏∑‡∏ô‡∏¢‡∏≤‡∏ß ‡∏™‡∏∏‡∏Ç‡∏†‡∏≤‡∏û‡∏î‡∏µ ‡∏£‡πà‡∏≤‡∏á‡∏Å‡∏≤‡∏¢‡πÅ‡∏Ç‡πá‡∏á‡πÅ‡∏£‡∏á ‡πÄ‡∏û‡∏£‡∏≤‡∏∞‡πÄ‡∏´‡∏ï‡∏∏‡πÉ‡∏î‡∏Å‡∏±‡∏ô‡∏£‡∏∑‡∏≠...‡∏ß‡∏±‡∏ô‡∏ô‡∏µ‡πâ‡πÄ‡∏£‡∏≤‡πÉ‡∏ô‡∏ê‡∏≤‡∏ô‡∏∞‡∏≠‡∏ô‡∏∏‡∏ä‡∏ô‡∏£‡∏∏‡πà‡∏ô‡∏´‡∏•‡∏±‡∏á‡∏à‡∏∞‡∏≠‡∏¢‡∏π‡πà‡∏≠‡∏¢‡πà‡∏≤‡∏á‡πÑ‡∏£‡πÉ‡∏´‡πâ‡∏™‡∏°‡∏ß‡∏±‡∏¢...‡∏™‡∏π‡∏á‡∏ß‡∏±‡∏¢ ‡∏≠‡∏¢‡πà‡∏≤‡∏á‡∏°‡∏µ‡∏Ñ‡∏∏‡∏ì‡∏†‡∏≤‡∏û ‡∏û‡∏£‡πâ‡∏≠‡∏°‡πÅ‡∏•‡πâ‡∏ß‡πÄ‡∏£‡∏≤‡∏°‡∏≤‡πÑ‡∏Ç‡πÄ‡∏Ñ‡∏•‡πá‡∏î‡∏•‡∏±‡∏ö ‡∏≠‡∏∏‡πà‡∏ô‡πÉ‡∏à...‡∏ä‡πà‡∏ß‡∏¢‡∏ä‡∏∞‡∏•‡∏≠‡∏ß‡∏±‡∏¢ ‡πÉ‡∏´‡πâ ‡πÑ‡∏Å‡∏•‡πÇ‡∏£‡∏Ñ... ‡πÑ‡∏°‡πà‡∏ß‡πà‡∏≤‡∏à‡∏∞‡πÄ‡∏õ‡πá‡∏ô -‡∏ï‡∏≥‡∏£‡∏±‡∏ö‡∏¢‡∏≤‡∏Å‡∏∏‡∏•‡∏Å‡∏≤ ‡∏¢‡∏≤‡∏ö‡∏≥‡∏£‡∏∏‡∏á‡∏Ç‡∏≠‡∏á‡∏ó‡∏∏‡∏Å‡πÄ‡∏û‡∏® ‡∏ó‡∏∏‡∏Å‡∏ß‡∏±‡∏¢ - ‡∏ï‡∏≥‡∏£‡∏±‡∏ö‡∏¢‡∏≤‡∏≠‡∏≤‡∏¢‡∏∏‡∏ß‡∏±‡∏í‡∏ô‡∏∞ ‡∏ö‡∏≥‡∏£‡∏∏‡∏á‡∏£‡πà‡∏≤‡∏á‡∏Å‡∏≤‡∏¢ ‡∏ö‡∏≥‡∏£‡∏∏‡∏á‡∏™‡∏ï‡∏£‡∏µ‡πÄ‡∏•‡∏∑‡∏≠‡∏î‡∏ô‡πâ‡∏≠‡∏¢ - ‡∏ï‡∏≥‡∏£‡∏±‡∏ö‡∏¢‡∏≤‡∏•‡∏π‡∏Å‡πÅ‡∏õ‡∏•‡∏Å‡πÅ‡∏°‡πà ‡∏ï‡∏≥‡∏£‡∏±‡∏ö‡∏¢‡∏≤‡∏™‡∏≤‡∏ß‡∏™‡∏ß‡∏¢‡πÉ‡∏ô‡∏ï‡∏≥‡∏ô‡∏≤‡∏ô - ‡∏™‡∏π‡∏ï‡∏£‡∏¢‡∏≤‡∏î‡∏≠‡∏á‡∏ô‡πâ‡∏≥‡∏ú‡∏∂‡πâ‡∏á ‡∏ï‡∏≥‡∏£‡∏±‡∏ö‡∏´‡∏•‡∏≤‡∏ô‡∏ó‡πà‡∏≤‡∏ô‡πÄ‡∏à‡πâ‡∏≤‡∏û‡∏£‡∏∞‡∏¢‡∏≤‡∏≠‡∏†‡∏±‡∏¢‡∏†‡∏π‡πÄ‡∏ö‡∏®‡∏£ #‡∏ï‡∏π‡πâ‡∏¢‡∏≤‡∏≠‡∏≤‡∏¢‡∏∏‡∏ß‡∏±‡∏í‡∏ô‡∏∞ #‡∏™‡∏°‡∏∏‡∏ô‡πÑ‡∏û‡∏£‡∏≠‡∏†‡∏±‡∏¢‡∏†‡∏π‡πÄ‡∏ö‡∏®‡∏£,"positive 
",0.7404770851135254
‡∏°‡∏∂‡∏á‡∏ô‡∏≠‡∏Å‡πÉ‡∏à‡πÅ‡∏™‡∏á‡πÇ‡∏™‡∏°‡∏ï‡∏±‡πâ‡∏á‡πÅ‡∏ï‡πà‡πÄ‡∏°‡∏∑‡πà‡∏≠‡πÑ‡∏´‡∏£‡πà5555,"negative 
",0.627964973449707
‡∏°‡∏µ‡πÅ‡∏≠‡∏•‡∏Å‡∏≠‡∏Æ‡∏≠‡∏•‡∏°‡∏±‡πâ‡∏¢‡∏Ñ‡∏∞,"question 
",0.6905524730682373
‡πÄ‡∏Ñ‡∏£‡∏∑‡πà‡∏≠‡∏á v6 ‡∏Å‡∏µ‡πà cc‡∏Ñ‡∏£‡∏±‡∏ö ‡πÄ‡∏û‡∏£‡∏≤‡∏∞‡πÄ‡∏´‡πá‡∏ô‡∏Ç‡∏≠‡∏á‡∏ó‡∏µ‡πàtoyota ‡∏ö‡πâ‡∏≤‡∏ô‡πÄ‡∏£‡∏≤ ‡πÄ‡∏≠‡∏≤‡πÄ‡∏Ç‡πâ‡∏≤‡∏°‡∏≤ 3.5 v6 ‡∏¢‡∏±‡∏á‡∏õ‡∏≤‡πÑ‡∏õ ‡∏´‡πâ‡∏≤‡∏•‡πâ‡∏≤‡∏ô‡∏Å‡∏ß‡πà‡∏≤‡πÄ‡∏•‡∏¢‡∏Ñ‡∏£‡∏±‡∏ö,"question 
",0.6197233200073242
Cf ‡∏ö‡∏£‡∏±‡∏ä 4‡∏´‡∏•‡∏∏‡∏° tarte : 1790,"neutral 
",0.6504361629486084
‡∏ü‡∏≠‡∏£‡πå‡∏î ‡πÅ‡∏ô‡∏∞‡∏ô‡∏≥‡πÄ‡∏ó‡∏Ñ‡∏ô‡∏¥‡∏Ñ‡∏Ç‡∏±‡∏ö‡∏≠‡∏≠‡∏ü‡πÇ‡∏£‡∏î‡πÅ‡∏ö‡∏ö‡∏á‡πà‡∏≤‡∏¢‡πÜ,"positive 
",0.6814262866973877
‡∏°‡∏±‡∏ô‡∏ö‡πà‡πÅ‡∏ã‡∏ö,"negative 
",0.5894601345062256
‡πÉ‡∏ô‡πÄ‡∏ß‡πá‡∏ö‡πÑ‡∏ã‡∏ï‡πå‡∏à‡∏∞‡πÅ‡∏à‡πâ‡∏á‡∏™‡∏≤‡∏Ç‡∏≤‡∏ó‡∏µ‡πà‡πÑ‡∏°‡πà‡∏£‡πà‡∏ß‡∏°‡∏£‡∏≤‡∏¢‡∏Å‡∏≤‡∏£‡∏Ñ‡πà‡∏∞ ^^,"neutral 
",0.5973522663116455
‡∏ù‡πâ‡∏≤‡∏¢‡∏à‡∏∞‡πÑ‡∏°‡πà‡∏ó‡∏ô ‡∏Å‡∏±‡∏ö‡∏Ñ‡∏ô‡∏ô‡∏¥‡∏™‡∏±‡∏¢‡πÑ‡∏°‡πà‡∏î‡∏µ,"negative 
",0.6265537738800049
‡πÅ‡∏ó‡πá‡∏Å‡πÅ‡∏°‡πà‡∏°‡∏≤‡∏î‡∏π,"neutral 
",0.6074340343475342
‡∏≠‡πä‡∏∞ ‡πÑ‡∏õ‡∏Å‡πá‡πÑ‡∏õ,"neutral 
",0.6321146488189697
‡πÑ‡∏°‡πà‡πÜ ‡∏≠‡∏¢‡∏≤‡∏Å‡∏¥‡∏ô‡∏ö‡∏≤‡∏ö‡∏µ‡∏Å‡πâ‡∏≠‡∏ô‡∏•‡∏∞‡∏≠‡∏∞ ‡πÄ‡∏´‡πâ‡∏≠‡πÜ‡πÜ‡πÜ,"negative 
",0.6668605804443359
‡πÄ‡∏£‡∏≤‡πÉ‡∏ä‡πâ‡∏ã‡∏µ‡∏ß‡∏¥‡∏Ñ ‡πÄ‡∏ß‡∏•‡∏≤‡πÄ‡∏ä‡πá‡∏Ñ‡∏£‡∏∞‡∏¢‡∏∞‡∏ó‡∏µ‡∏ô‡∏∂‡∏á‡∏Å‡πá‡∏ï‡∏Å‡∏õ‡∏£‡∏∞‡∏°‡∏≤‡∏ì 4-5 ‡∏û‡∏±‡∏ô‡πÄ‡∏•‡∏¢‡∏Ñ‡πà‡∏∞ ‡πÑ‡∏°‡πà‡∏£‡∏ß‡∏°‡∏≠‡∏∞‡πÑ‡∏´‡∏•‡πà‡∏û‡∏¥‡πÄ‡∏®‡∏©‡∏ï‡πà‡∏≤‡∏á‡πÜ ‡πÄ‡∏Ñ‡∏¢‡πÑ‡∏î‡πâ‡∏¢‡∏¥‡∏ô‡∏ß‡πà‡∏≤‡∏Ç‡∏≠‡∏á‡πÇ‡∏ï‡πÇ‡∏¢‡∏ï‡πâ‡∏≤‡∏ñ‡∏π‡∏Å‡∏Å‡∏ß‡πà‡∏≤‡∏ô‡∏µ‡πâ ‡∏Æ‡∏∑‡∏≠,"negative 
",0.6623084545135498
‡πÄ‡∏Ñ‡∏¢‡πÄ‡∏Å‡πá‡∏ö‡∏ù‡∏≤‡πÄ‡∏ö‡∏µ‡∏¢‡∏£‡πå‡∏ä‡πâ‡∏≤‡∏á‡πÄ‡∏û‡∏∑‡πà‡∏≠‡πÅ‡∏•‡∏Å‡∏Å‡∏±‡∏ö‡∏Å‡∏≤‡∏£‡πÄ‡∏Ç‡πâ‡∏≤‡∏ä‡∏°‡∏Ñ‡∏≤‡∏£‡∏≤‡∏ö‡∏≤‡∏ß‡∏ï‡∏≠‡∏ô‡πÄ‡∏î‡πá‡∏Å‡πÜ,"neutral 
",0.6481728553771973
‡∏Å‡πá‡πÄ‡∏û‡∏¥‡πà‡∏á‡∏£‡∏π‡πâ‡∏ß‡πà‡∏≤‡∏°‡∏µ‡∏ú‡πâ‡∏≤‡∏≠‡∏ô‡∏≤‡∏°‡∏±‡∏¢‡πÅ‡∏ö‡∏ö‡∏™‡∏≠‡∏îüòÇ,"neutral 
",0.59177565574646
‡∏ó‡∏µ‡πÄ‡∏î‡πá‡∏î‡∏Ñ‡∏£‡∏±‡∏ö‡∏ö‡∏≠‡∏Å‡πÄ‡∏•‡∏¢,"positive 
",0.5571305751800537
‡∏ï‡πâ‡∏≠‡∏á‡∏£‡∏≠‡∏≠‡∏¥‡∏≠‡πâ‡∏ß‡∏ô ‡∏Å‡∏•‡∏±‡∏ö‡∏°‡∏≤‡∏≤ ‡πÄ‡∏®‡∏£‡πâ‡∏≤,"negative 
",0.6176366806030273
‡∏°‡∏≤‡∏ä‡∏°‡πÄ‡∏£‡∏ß‡πÜ‡πÜ,"neutral 
",0.6058642864227295
"ONYX & Kulov present Aquafest 2018 12-16 ‡πÄ‡∏°‡∏©‡∏≤‡∏¢‡∏ô‡∏ô‡∏µ‡πâ ‡πÄ‡∏ï‡∏£‡∏µ‡∏¢‡∏°‡∏û‡∏£‡πâ‡∏≠‡∏°‡∏Å‡∏±‡∏ö‡πÄ‡∏ó‡∏®‡∏Å‡∏≤‡∏•‡πÅ‡∏´‡πà‡∏á‡∏õ‡∏µ‡∏ö‡∏ô‡∏ñ‡∏ô‡∏ô RCA ‡∏Å‡∏±‡∏ö ONYX Aquafest 2018 ‡πÅ‡∏•‡∏∞‡∏û‡∏ö‡∏Å‡∏±‡∏ö Special guest DJs ‡∏≠‡∏¢‡πà‡∏≤‡∏á Yellow Claw (13 ‡πÄ‡∏°‡∏©‡∏≤‡∏¢‡∏ô), Swanky Tunes (14 ‡πÄ‡∏°‡∏©‡∏≤‡∏¢‡∏ô), LNY TNZ (15 ‡πÄ‡∏°‡∏©‡∏≤‡∏¢‡∏ô) ‡∏ö‡∏±‡∏ï‡∏£‡∏ß‡∏±‡∏ô‡∏ó‡∏µ‡πà 12 ‡πÅ‡∏•‡∏∞ 16 ‡∏£‡∏≤‡∏Ñ‡∏≤ 500 ‡∏ö‡∏≤‡∏ó/ ‡πÄ‡∏Ñ‡∏£‡∏∑‡πà‡∏≠‡∏á‡∏î‡∏∑‡πà‡∏° 1 ‡∏Å‡∏£‡∏∞‡∏õ‡πã‡∏≠‡∏á ‡∏ö‡∏±‡∏ï‡∏£‡∏ß‡∏±‡∏ô‡∏ó‡∏µ‡πà 13-14-15 ‡∏£‡∏≤‡∏Ñ‡∏≤ 800 ‡∏ö‡∏≤‡∏ó/ ‡πÄ‡∏Ñ‡∏£‡∏∑‡πà‡∏≠‡∏á‡∏î‡∏∑‡πà‡∏° 1 ‡∏Å‡∏£‡∏∞‡∏õ‡πã‡∏≠‡∏á Regular table ‡πÑ‡∏°‡πà‡∏£‡∏ß‡∏°‡∏ö‡∏±‡∏ï‡∏£‡∏Ñ‡πà‡∏≤‡πÄ‡∏Ç‡πâ‡∏≤‡∏á‡∏≤‡∏ô (1‡πÇ‡∏ï‡πä‡∏∞‡∏Ç‡∏ô‡∏≤‡∏î‡∏™‡∏≥‡∏´‡∏£‡∏±‡∏ö 5 ‡∏ó‡πà‡∏≤‡∏ô) Regular table ‡∏ß‡∏±‡∏ô‡∏ó‡∏µ‡πà 12 ‡πÅ‡∏•‡∏∞ 16 General area 6,000 ‡∏ö‡∏≤‡∏ó Prime area 9,000 ‡∏ö‡∏≤‡∏ó Regular table ‡∏ß‡∏±‡∏ô‡∏ó‡∏µ‡πà 13-14-15 General area 9,000 ‡∏ö‡∏≤‡∏ó Prime area 10,000 ‡∏ö‡∏≤‡∏ó ‡∏ö‡∏±‡∏ï‡∏£‡πÅ‡∏•‡∏∞‡πÇ‡∏ï‡πä‡∏∞‡∏ã‡∏∑‡πâ‡∏≠‡πÑ‡∏î‡πâ‡∏´‡∏ô‡πâ‡∏≤‡∏á‡∏≤‡∏ô‡∏Ñ‡πà‡∏∞ ‡∏™‡∏≠‡∏ö‡∏ñ‡∏≤‡∏°‡∏Ç‡πâ‡∏≠‡∏°‡∏π‡∏•‡πÄ‡∏û‡∏¥‡πà‡∏°‡πÄ‡∏ï‡∏¥‡∏° 08-1645-1166, www.onyxbangkok.com ‡∏´‡∏£‡∏∑‡∏≠ www.facebook.com/onyxbkk","positive 
",0.8282284736633301
Mistine ‡∏Å‡πá‡∏ï‡∏•‡∏≤‡∏î‡∏•‡πà‡∏≤‡∏á ‡∏û‡∏£‡∏µ‡πÄ‡∏ã‡∏ô‡πÄ‡∏ï‡∏≠‡∏£‡πå‡πÑ‡∏°‡πà‡∏£‡∏π‡πâ‡∏Å‡∏µ‡πà‡∏Ñ‡∏ô ‡∏ï‡∏±‡∏ß‡∏ó‡πá‡∏≠‡∏õ‡∏ó‡∏±‡πâ‡∏á‡∏ô‡∏±‡πâ‡∏ô ‡∏Ñ‡∏¥‡∏î‡∏ß‡πà‡∏≤‡∏î‡∏≤‡∏£‡∏≤‡∏û‡∏ß‡∏Å‡∏ô‡∏±‡πâ‡∏ô‡πÉ‡∏ä‡πâ‡∏°‡∏¥‡∏™‡∏ó‡∏µ‡∏ô‡∏à‡∏£‡∏¥‡∏á‡πÜ‡∏´‡∏£‡∏∑‡∏≠‡πÄ‡∏õ‡∏•‡πà‡∏≤‡∏•‡πà‡∏∞,"negative 
",0.6694009304046631
‡∏™‡∏¥‡πâ‡∏ô‡πÄ‡∏î‡∏∑‡∏≠‡∏ô‡πÄ‡∏à‡∏≠‡∏Å‡∏±‡∏ô,"neutral 
",0.5909938812255859
‡πÇ‡∏î‡∏ô‡∏ú‡∏µ‡∏™‡∏¥‡∏á‡∏´‡πå .. ‡∏•‡∏∏‡∏Å‡∏°‡∏∞‡πÑ‡∏´‡∏ß‡πÄ‡∏ö‡∏¢‡∏¢‡∏¢ #singha,"negative 
",0.600928783416748
‡∏à‡∏∞‡πÄ‡∏Å‡∏°‡∏™‡πå‡πÑ‡∏î‡πâ‡πÑ‡∏á ‡∏ú‡∏°‡πÄ‡∏•‡∏¥‡∏Å‡πÅ‡∏•‡πâ‡∏ß ‡πÑ‡∏õ‡πÜ‡πÜ,"negative 
",0.6063404083251953
‡πÑ‡∏°‡πà‡∏ß‡πà‡∏≤‡∏á,"negative 
",0.6250641345977783
‡∏à‡∏±‡∏î‡∏õ‡∏∏‡∏¢‡πÅ‡∏ï‡πà‡∏ß‡πà‡∏≤‡πÄ‡∏û‡∏∑‡πà‡∏≠‡∏ô‡∏Ñ‡∏ô‡∏≠‡∏∑‡πà‡∏ô‡∏•‡∏∞,"negative 
",0.5846333503723145
‡∏≠‡∏¢‡∏≤‡∏Å‡∏î‡∏π ‡πÄ‡∏ó‡∏µ‡∏¢‡∏ô‡πà‡∏≤2011‡∏™‡∏µ‡∏Ç‡∏≤‡∏ß‡∏û‡∏≠‡∏à‡∏∞‡∏°‡∏µ‡πÑ‡∏´‡∏°‡∏Ñ‡∏£‡∏±‡∏ö,"question 
",0.692718505859375
‡∏´‡πà‡∏≤‡∏Å‡∏π‡∏£‡∏≠‡∏°‡∏∂‡∏á‡∏£‡∏µ‡∏ß‡∏¥‡∏ß‡∏≠‡∏¢‡∏∏‡πà‡∏Å‡∏π‡∏ñ‡∏∂‡∏á‡∏à‡∏∞‡∏ã‡∏∑‡πâ‡∏≠‡πÅ‡∏î‡∏Å‡πÄ‡∏ô‡∏µ‡∏¢‡πÑ‡∏°‡πà‡∏Å‡∏•‡πâ‡∏≤‡∏Å‡∏•‡∏±‡∏ß‡πÑ‡∏°‡πà‡∏≠‡∏£‡πà‡∏≠‡∏¢‡∏Ñ‡∏∑‡∏ô‡∏ô‡∏µ‡πâ‡∏ï‡πâ‡∏≠‡∏á‡∏à‡∏±‡∏î,"negative 
",0.7223787307739258
‡∏ô‡∏¥‡πÇ‡∏Ñ‡∏ï‡∏¥‡∏ô ‡∏°‡∏µ‡∏ú‡∏•‡∏ï‡πà‡∏≠‡∏´‡∏•‡∏≠‡∏Å‡πÄ‡∏•‡∏∑‡∏≠‡∏î‡∏´‡∏±‡∏ß‡πÉ‡∏à ‡πÅ‡∏•‡∏∞ ‡∏Ñ‡∏≤‡πÄ‡∏ü‡∏≠‡∏µ‡∏ô ‡∏Å‡πá‡πÉ‡∏´‡πâ‡∏ú‡∏•‡πÄ‡∏ä‡πà‡∏ô‡πÄ‡∏î‡∏µ‡∏¢‡∏ß‡∏Å‡∏±‡∏ô,"negative 
",0.6457381248474121
‡∏•‡∏µ‡πÇ‡∏≠..‡∏ï‡πâ‡∏≠‡∏á‡∏Ç‡∏≠‡∏ô‡πÅ‡∏Ç‡πà‡∏ô.‡∏Å‡∏±‡∏ö‡∏™‡∏¥‡∏á.‡∏ñ‡∏∂‡∏á‡∏à‡∏∞‡πÑ‡∏î‡πâ‡∏£‡∏™‡∏ä‡∏≤‡∏ï‡∏¥..‡∏ñ‡πâ‡∏≤‡πÄ‡∏õ‡πá‡∏ô‡∏õ‡∏ó‡∏∏‡∏°‡∏ô‡∏µ‡πà‡∏ú‡∏°‡πÑ‡∏°‡πà‡∏Å‡∏¥‡∏ô‡πÄ‡∏•‡∏¢‡∏à‡∏∑‡∏î‡∏°‡∏≤‡∏Å..,"negative 
",0.7293572425842285
‡∏ó‡∏≤‡∏á‡πÄ‡∏û‡∏à‡πÄ‡∏°‡∏¢‡πå‡πÄ‡∏ö‡∏•‡∏•‡∏µ‡∏ô‡∏¢‡∏±‡∏á‡∏°‡∏µ‡∏Å‡∏¥‡∏à‡∏Å‡∏£‡∏£‡∏°‡πÉ‡∏´‡πâ‡∏£‡πà‡∏ß‡∏°‡∏™‡∏ô‡∏∏‡∏Å‡πÄ‡∏£‡∏∑‡πà‡∏≠‡∏¢‡πÜ‡∏ô‡∏∞‡∏Ñ‡∏∞ :D,"positive 
",0.8078651428222656
"‡∏ó‡∏µ‡πà‡∏™‡∏∏‡∏î‡∏Ç‡∏≠‡∏á‡∏£‡∏ñ‡∏™‡∏õ‡∏≠‡∏£‡πå‡∏ï‡πÄ‡∏≠‡∏ô‡∏Å‡∏õ‡∏£‡∏∞‡∏™‡∏á‡∏Ñ‡πå‡∏™‡∏≤‡∏¢‡∏û‡∏±‡∏ô‡∏ò‡∏∏‡πå‡πÅ‡∏Å‡∏£‡πà‡∏á‡∏ï‡πâ‡∏≠‡∏á‡∏Ñ‡∏±‡∏ô‡∏ô‡∏µ‡πâ‡πÄ‡∏ó‡πà‡∏≤‡∏ô‡∏±‡πâ‡∏ô‡∏Ñ‡∏£‡∏±‡∏ö ""New Mitsubishi Pajero Sport"" üòéüòéüòé","positive 
",0.6798286437988281
‡πÑ‡∏õ‡∏Å‡∏±‡∏ô‡∏ô‡∏ô ‡∏≠‡∏¢‡∏≤‡∏Å‡∏Å,"positive 
",0.5973289012908936
‡πÄ‡∏≠‡πá‡∏°‡πÄ‡∏Ñ‡πÑ‡∏á ‡∏°‡∏∂‡∏á‡∏≠‡∏¢‡∏≤‡∏Å‡∏Å‡∏¥‡∏ô‡πÑ‡∏°‡πà‡πÉ‡∏ä‡πà‡∏´‡∏£‡∏≠,"positive 
",0.6738662719726562
‡∏à‡∏±‡∏î‡∏î‡∏¥,"neutral 
",0.6592891216278076
‡∏ü‡∏≤ ‡πÇ‡∏ó ‡πÅ‡∏õ‡πâ‡∏á‡πÄ‡∏à‡πâ‡∏≤‡∏ô‡∏≤‡∏á,"neutral 
",0.6241366863250732
‡πÄ‡∏õ‡πá‡∏ô‡πÇ‡∏õ‡∏£‡πÇ‡∏°‡∏ä‡∏±‡πà‡∏ô‡πÄ‡∏õ‡∏¥‡∏î‡∏™‡∏≤‡∏Ç‡∏≤‡πÉ‡∏´‡∏°‡πà‡∏ô‡∏∞‡∏Ñ‡∏∞,"neutral 
",0.5840027332305908
‡∏•‡∏≤‡∏Å‡πÄ‡∏≠‡∏≤‡πÅ‡∏à‡πä‡∏™‡∏°‡∏≤‡∏£‡πà‡∏ß‡∏°‡∏ß‡∏á ‡πÅ‡∏•‡πâ‡∏ß‡∏ó‡∏≥‡πÑ‡∏° ‡πÑ‡∏°‡πà‡πÄ‡∏≠‡∏≤‡∏°‡∏≤‡∏™‡∏î‡πâ‡∏≤ 2 ‡∏î‡∏µ‡πÄ‡∏ã‡∏• ‡∏°‡∏≤‡∏î‡πâ‡∏ß‡∏¢‡∏ã‡∏∞‡πÄ‡∏•‡∏¢‡∏´‡∏•‡∏∞ ‡πÄ‡∏´‡∏≠‡πÜ,"negative 
",0.5889897346496582
‡∏ß‡∏±‡∏î‡πÑ‡∏•‡πà‡∏ó‡∏µ‡πà‡∏ä‡∏≤‡∏ß‡∏ö‡πâ‡∏≤‡∏ô‡∏î‡πâ‡∏ß‡∏¢ ‡πÅ‡∏≠‡∏ö‡∏Ç‡∏≤‡∏¢‡∏ó‡∏µ‡πà‡∏ò‡∏£‡∏ì‡∏µ‡∏™‡∏á‡∏Ü‡πå‡πÉ‡∏´‡πâ‡∏Å‡∏ó‡∏°.+‡∏™‡∏≥‡∏ô‡∏±‡∏Å‡∏á‡∏≤‡∏ô‡∏ó‡∏£‡∏±‡∏û‡∏¢‡πå‡∏™‡∏¥‡∏ô. ‡∏≠‡πâ‡∏≤‡∏á‡∏´‡∏≤‡πÄ‡∏á‡∏¥‡∏ô‡∏ö‡∏≥‡∏£‡∏∏‡∏á‡∏ß‡∏±‡∏î ‡∏™‡∏£‡πâ‡∏≤‡∏á‡∏®‡∏≤‡∏™‡∏ô‡∏≤‡∏™‡∏ñ‡∏≤‡∏ô‡πÄ‡∏û‡∏∑‡πà‡∏≠‡∏ä‡∏≤‡∏ï‡∏¥ ‡∏ó‡πà‡∏≠‡∏á‡πÄ‡∏ó‡∏µ‡πà‡∏¢‡∏ß,"negative 
",0.6306517124176025
#SinghaPark #SinghaParkChiangRai #SocialEnterprise #‡∏™‡∏¥‡∏á‡∏´‡πå‡∏õ‡∏≤‡∏£‡πå‡∏Ñ‡πÄ‡∏ä‡∏µ‡∏¢‡∏á‡∏£‡∏≤‡∏¢ ‡∏°‡∏µ‡πÉ‡∏Ñ‡∏£‡∏Ñ‡∏¥‡∏î‡∏ñ‡∏∂‡∏á‡∏ö‡∏≠‡∏•‡∏•‡∏π‡∏ô‡∏ö‡πâ‡∏≤‡∏á‡πÄ‡∏≠‡πà‡∏¢???? ‡∏≠‡∏¢‡πà‡∏≤‡∏•‡∏∑‡∏°‡∏ô‡∏∞ 14-18 ‡∏Å‡∏û. 2561 ‡πÄ‡∏£‡∏≤‡∏°‡∏µ‡∏ô‡∏±‡∏î‡∏Å‡∏±‡∏ô ‡∏Å‡∏±‡∏ö‡∏á‡∏≤‡∏ô Singha Park Chiangrai International Balloon Fiesta 2018 ‡∏û‡∏•‡∏≤‡∏î‡πÑ‡∏°‡πà‡πÑ‡∏î‡πâ‡πÄ‡∏•‡∏¢‡∏ô‡πâ‡∏≤‡∏≤‡∏≤‡∏≤‡∏≤ #‡∏á‡∏≤‡∏ô‡∏ô‡∏µ‡πâ‡πÄ‡∏Ç‡πâ‡∏≤‡∏ä‡∏°‡∏ü‡∏£‡∏µ --------------------------- ***Application 'Singhapark' app ‡∏ó‡∏µ‡πà‡∏à‡∏∞‡∏ä‡πà‡∏ß‡∏¢‡πÄ‡∏õ‡∏¥‡∏î‡∏õ‡∏£‡∏∞‡∏™‡∏ö‡∏Å‡∏≤‡∏£‡∏ì‡πå‡∏Å‡∏≤‡∏£‡∏ó‡πà‡∏≠‡∏á‡πÄ‡∏ó‡∏µ‡πà‡∏¢‡∏ß‡∏ó‡∏µ‡πà‡∏™‡∏¥‡∏á‡∏´‡πå‡∏õ‡∏≤‡∏£‡πå‡∏Ñ‡πÄ‡∏ä‡∏µ‡∏¢‡∏á‡∏£‡∏≤‡∏¢‡πÉ‡∏´‡πâ‡∏™‡∏ô‡∏∏‡∏Å‡∏°‡∏≤‡∏Å‡∏Ç‡∏∂‡πâ‡∏ô ‡∏û‡∏£‡πâ‡∏≠‡∏°‡πÉ‡∏´‡πâ‡∏î‡∏≤‡∏ß‡∏ô‡πå‡πÇ‡∏´‡∏•‡∏î‡πÅ‡∏•‡πâ‡∏ß‡∏ß‡∏±‡∏ô‡∏ô‡∏µ‡πâ ‡∏Ñ‡∏•‡∏¥‡∏Å‡πÄ‡∏•‡∏¢ ----> ios : https://appsto.re/th/s-0gdb.i android : https://play.google.com/store/apps/details?id=com.singha.singhapark,"positive 
",0.6162436008453369
‡∏Å‡∏∏‡∏Å‡∏•‡∏±‡∏ö 10 ‡∏≠‡πà‡∏∞,"neutral 
",0.6857287883758545
‡∏ó‡∏≥‡πÉ‡∏´‡πâ‡∏°‡∏±‡∏ô‡∏ï‡πâ‡∏≠‡∏á‡∏Å‡πá‡πÅ‡∏•‡πâ‡∏ß,"negative 
",17.73215103149414
‡πÄ‡∏õ‡∏¥‡∏î‡∏Ñ‡∏ô‡πÉ‡∏´‡πâ‡∏î‡πà‡∏≤‡πÑ‡∏î‡πâ‡πÅ‡∏•‡πâ‡∏ß‡∏´‡∏£‡∏≠‡∏Ñ‡∏∞ ‡πÅ‡∏´‡∏°‡∏°‡∏° ‡∏≠‡∏¥‡∏´‡πà‡∏≤ ‡πÄ‡∏õ‡∏¥‡∏î‡∏£‡∏≤‡∏Ñ‡∏≤ CHR ‡∏Å‡∏•‡∏±‡∏ß‡∏Ç‡∏≤‡∏¢‡∏î‡∏µ‡∏´‡∏£‡∏≠‡∏Ñ‡∏∞ ‡∏î‡∏π‡∏£‡∏ñ‡∏ó‡∏µ‡πà‡∏£‡∏≤‡∏Ñ‡∏≤‡∏™‡∏°‡πÄ‡∏´‡∏ï‡∏∏‡∏™‡∏°‡∏ú‡∏•‡∏ó‡∏µ‡πà‡∏™‡∏∏‡∏î‡∏ï‡∏≠‡∏ô‡∏ô‡∏µ‡πâ‡∏Ñ‡∏∑‡∏≠ sienta,"negative 
",0.6309444904327393
‡πÄ‡∏Å‡∏∑‡∏≠‡∏ö‡∏´‡πâ‡∏≤‡∏û‡∏±‡∏ô ‡∏ö‡∏≠‡∏Å‡πÑ‡∏°‡πà‡∏Å‡∏µ‡πà‡∏ö‡∏≤‡∏ó,"negative 
",0.6164937019348145
‡∏ñ‡πâ‡∏≤‡∏Ñ‡∏ô‡πÄ‡∏à‡∏≠‡∏ó‡∏µ‡πà‡∏Å‡∏£‡∏∞‡∏ó‡∏£‡∏ß‡∏á‡∏Å‡∏∞‡∏•‡∏≤‡πÇ‡∏´‡∏° ‡∏à‡∏∞‡∏¢‡∏∂‡∏î‡∏≠‡∏∞‡πÑ‡∏£‡∏Ñ‡∏±‡∏ö ?????,"question 
",0.6056122779846191
‡∏à‡∏î‡∏ó‡∏∞‡πÄ‡∏ö‡∏µ‡∏¢‡∏ô‡∏Ñ‡∏£‡∏±‡∏ö‡∏ú‡∏°,"neutral 
",0.6716175079345703
‡∏ô‡πà‡∏≤‡∏™‡∏ô‡πÜ ‡πÄ‡∏£‡∏≤‡πÑ‡∏õ‡∏•‡∏≠‡∏á‡∏û‡∏£‡πâ‡∏≠‡∏°‡∏Å‡∏±‡∏ô‡∏î‡∏µ‡πÑ‡∏´‡∏°‡∏Ñ‡∏∞ ‡∏°‡∏∑‡πâ‡∏≠‡πÄ‡∏ó‡∏µ‡πà‡∏¢‡∏á‡∏ß‡∏±‡∏ô‡∏™‡∏≤‡∏°‡∏Ñ‡∏ô‡πÄ‡∏£‡∏≤ ‡∏≠‡∏¥‡∏≠‡∏¥,"positive 
",0.6040396690368652
‡∏≠‡∏¢‡∏≤‡∏Å‡∏Å‡∏¥‡∏ô‡∏ä‡∏µ‡∏™‡πÄ‡∏´‡∏°‡∏∑‡∏≠‡∏ô‡∏Å‡∏±‡∏ô5555,"positive 
",0.6740310192108154
‡πÅ‡∏≠‡∏£‡πå‡πÄ‡∏≠‡πÄ‡∏ä‡∏µ‡∏¢‡πÑ‡∏î‡πâ‡πÄ‡∏á‡∏¥‡∏ô‡∏Å‡∏π‡∏Ñ‡∏£‡∏±‡πâ‡∏á‡πÄ‡∏î‡∏µ‡∏¢‡∏ß‡∏û‡∏≠ ‡∏à‡∏≥‡πÑ‡∏ß‡πâ,"negative 
",0.6644747257232666
‡∏ß‡∏±‡∏ô‡∏ô‡∏µ‡πâ‡πÑ‡∏õ‡πÄ‡∏î‡∏¥‡∏ô‡∏î‡∏π‡∏ô‡πâ‡∏≥‡∏´‡∏≠‡∏° ‡∏≠‡∏¢‡∏≤‡∏Å‡πÑ‡∏î‡πâ CK ‡πÄ‡∏û‡∏£‡∏≤‡∏∞‡∏°‡∏±‡∏ô‡∏•‡∏î‡∏£‡∏≤‡∏Ñ‡∏≤ 50% ‡πÄ‡∏´‡∏•‡∏∑‡∏≠ 1800 ‡∏ö‡∏≤‡∏ó‡∏Å‡∏π‡∏¢‡∏±‡∏á‡πÑ‡∏°‡πà‡∏°‡∏µ‡∏õ‡∏±‡∏ç‡∏ç‡∏≤‡∏ã‡∏∑‡πâ‡∏≠‡πÄ‡∏•‡∏¢‡πÑ‡∏≠‡πâ‡∏™‡∏±‡∏™ ‡∏Ñ‡πà‡∏≤‡∏Ñ‡∏≠‡∏ô‡∏Å‡∏±‡∏ö‡∏Ñ‡πà‡∏≤‡∏ö‡∏±‡πâ‡∏°‡∏Ñ‡πâ‡∏≥‡∏Ñ‡∏≠‚Ä¶,"negative 
",0.7762017250061035
‡∏ï‡πà‡∏≠‡πÑ‡∏õ‡∏Å‡∏π‡∏à‡∏∞‡∏û‡∏Å ‡∏¢‡∏≤‡∏ö‡πâ‡∏≤ ‡πÅ‡∏ó‡∏ô‡∏ö‡∏∏‡∏´‡∏£‡∏µ‡πà‡πÑ‡∏ü‡∏ü‡πâ‡∏≤,"negative 
",0.6547229290008545
‡∏Å‡∏¥‡∏ô ‡∏Å‡∏¥‡∏ô,"neutral 
",0.6385655403137207
‡∏°‡∏∞‡∏Å‡∏£‡∏∏‡∏Å ‡∏™‡∏≤‡∏°‡∏ï‡∏∞‡∏Å‡∏£‡πâ‡∏≤ ‡πÑ‡∏õ‡∏Å‡∏±‡∏ô,"neutral 
",0.5722825527191162
‡∏Å‡∏¥‡∏ô‡πÑ‡∏£‡∏Å‡πá‡πÑ‡∏î‡πâ ‡∏Ç‡∏≠‡πÄ‡∏ß‡πâ‡∏ô ‡πÄ‡∏≠‡πá‡∏°‡πÄ‡∏Ñ‡πÑ‡∏ß‡πâ‡∏≠‡∏¢‡πà‡∏≤‡∏á‡∏•‡∏∞‡∏Å‡∏±‡∏ô ‡∏Æ‡∏∑‡∏≠,"negative 
",0.655348539352417
‡πÄ‡∏î‡∏µ‡∏¢‡∏ß‡∏û‡∏≠‡∏ô‡∏≤‡∏ô‡πÜ‡πÑ‡∏õ‡πÄ‡∏Ñ‡πâ‡∏≤‡πÄ‡πÄ‡∏à‡∏Å‡∏ô‡∏¥ ‡πÄ‡∏ä‡∏∑‡πà‡∏≠‡∏ï‡∏∞‡πÄ‡∏≠‡∏≤‡πÑ‡∏õ‡πÑ‡∏´‡∏ô‡πÑ‡∏°‡πà‡∏ï‡∏£‡∏∂‡∏Å 555 ‡πÅ‡∏Ñ‡πà‡∏Å‡∏¥‡∏ô‡πÄ‡∏ö‡∏µ‡∏¢‡∏ä‡πâ‡∏≤‡∏á‡∏ï‡∏≤‡∏°‡∏£‡πâ‡∏≤‡∏ô‡πÄ‡∏´‡∏•‡πâ‡∏≤‡πÄ‡∏Ñ‡πâ‡∏≤‡∏Å‡πâ‡πÄ‡πÄ‡∏à‡∏Å‡πÅ‡∏•‡πâ‡∏ß. ‡πÄ‡∏î‡∏µ‡∏¢‡∏ß‡πÄ‡∏≠‡∏≤‡πÑ‡∏ß‡πâ‡πÑ‡∏´‡πâ,"negative 
",0.6072707176208496
‡πÄ‡∏ó‡∏Ñ‡∏ô‡∏¥‡∏Ñ‡∏õ‡πâ‡∏≠‡∏á‡∏Å‡∏±‡∏ô‡πÅ‡∏™‡∏á‡πÅ‡∏î‡∏î‡∏ó‡∏µ‡πà‡∏ü‡πâ‡∏≤‡∏à‡∏∞‡πÅ‡∏ô‡∏∞‡∏ô‡∏≥‡πÄ‡∏û‡∏∑‡πà‡∏≠‡∏ô‡πÜ ‡∏Ñ‡∏∑‡∏≠ ‡∏Å‡πà‡∏≠‡∏ô‡∏≠‡∏≠‡∏Å‡∏à‡∏≤‡∏Å‡∏ö‡πâ‡∏≤‡∏ô‡∏ó‡∏∏‡∏Å‡∏Ñ‡∏£‡∏±‡πâ‡∏á‡πÉ‡∏´‡πâ‡∏ó‡∏≤‡∏Ñ‡∏£‡∏µ‡∏°‡∏Å‡∏±‡∏ô‡πÅ‡∏î‡∏î‡∏Å‡πà‡∏≠‡∏ô‡∏≠‡∏≠‡∏Å‡∏ö‡πâ‡∏≤‡∏ô‡∏≠‡∏¢‡πà‡∏≤‡∏á‡∏ô‡πâ‡∏≠‡∏¢ 15 ‡∏ô‡∏≤‡∏ó‡∏µ ‡πÅ‡∏•‡∏∞‡∏Ñ‡∏ß‡∏£‡πÉ‡∏ä‡πâ‡∏Ñ‡∏£‡∏µ‡∏°‡∏Å‡∏±‡∏ô‡πÅ‡∏î‡∏î‡∏ó‡∏µ‡πà‡∏°‡∏µ‡∏Ñ‡πà‡∏≤ spf50 ‡∏Ç‡∏∂‡πâ‡∏ô‡πÑ‡∏õ ‡πÄ‡∏û‡∏£‡∏≤‡∏∞‡∏à‡∏∞‡∏°‡∏µ‡∏õ‡∏£‡∏∞‡∏™‡∏¥‡∏ó‡∏ò‡∏¥‡∏†‡∏≤‡∏û‡πÉ‡∏ô‡∏Å‡∏≤‡∏£‡∏õ‡πâ‡∏≠‡∏á‡∏Å‡∏±‡∏ô‡πÅ‡∏™‡∏á‡πÅ‡∏î‡∏î‡πÑ‡∏î‡πâ‡∏î‡∏µ‡∏°‡∏≤‡∏Å ‡∏¢‡∏¥‡πà‡∏á‡∏≠‡∏≤‡∏Å‡∏≤‡∏®‡∏õ‡∏£‡∏∞‡πÄ‡∏ó‡∏®‡πÑ‡∏ó‡∏¢‡πÄ‡∏£‡∏≤‡πÄ‡∏õ‡πá‡∏ô‡πÄ‡∏°‡∏∑‡∏≠‡∏á‡∏£‡πâ‡∏≠‡∏ô ‡∏ó‡∏≥‡πÉ‡∏´‡πâ‡∏ú‡∏¥‡∏ß‡∏Ñ‡∏•‡πâ‡∏≥‡πÄ‡∏™‡∏µ‡∏¢‡∏á‡πà‡∏≤‡∏¢‡πÅ‡∏•‡∏∞‡∏ó‡∏≥‡πÉ‡∏´‡πâ‡πÉ‡∏ö‡∏´‡∏ô‡πâ‡∏≤‡πÄ‡∏õ‡πá‡∏ô‡∏ù‡πâ‡∏≤‡∏Å‡∏£‡∏∞‡∏î‡πâ‡∏ß‡∏¢‡∏Ñ‡πà‡∏∞ ‡∏î‡∏±‡∏á‡∏ô‡∏±‡πâ‡∏ô‡πÄ‡∏£‡∏≤‡∏à‡∏∂‡∏á‡∏Ñ‡∏ß‡∏£‡∏î‡∏π‡πÅ‡∏•‡∏ú‡∏¥‡∏ß‡∏Ç‡∏≠‡∏á‡πÄ‡∏£‡∏≤‡πÉ‡∏´‡πâ‡∏™‡∏°‡πà‡∏≥‡πÄ‡∏™‡∏°‡∏≠‡πÅ‡∏•‡∏∞‡πÄ‡∏õ‡πá‡∏ô‡∏õ‡∏£‡∏∞‡∏à‡∏≥‡∏ó‡∏∏‡∏Å‡∏ß‡∏±‡∏ô‡∏Ñ‡πà‡∏∞ ‡∏ü‡πâ‡∏≤‡∏≠‡∏¢‡∏≤‡∏Å‡πÑ‡∏î‡πâ NIVEA Sun Instant Aura SPF 50 ‡πÑ‡∏õ‡∏•‡∏≠‡∏á‡πÉ‡∏ä‡πâ‡∏Ñ‡πà‡∏∞ ‡πÄ‡∏û‡∏£‡∏≤‡∏∞‡∏™‡∏£‡∏£‡∏û‡∏Ñ‡∏∏‡∏ì‡πÄ‡∏´‡πá‡∏ô‡∏ß‡πà‡∏≤‡∏™‡∏≤‡∏°‡∏≤‡∏£‡∏ñ‡∏Å‡∏±‡∏ô‡πÅ‡∏î‡∏î‡∏î‡πâ‡∏ß‡∏¢‡∏Ñ‡πà‡∏≤ spf50+pa+++ ‡∏ã‡∏∂‡πà‡∏á‡∏Å‡∏±‡∏ô‡πÅ‡∏î‡∏î‡πÑ‡∏î‡πâ‡∏™‡∏π‡∏á‡∏°‡∏≤‡∏Å‡πÜ ‡πÄ‡∏ô‡∏∑‡πâ‡∏≠‡∏Ñ‡∏£‡∏µ‡∏°‡∏ö‡∏≤‡∏á‡πÄ‡∏ö‡∏≤ ‡πÄ‡∏Å‡∏•‡∏µ‡πà‡∏¢‡∏á‡πà‡∏≤‡∏¢‡πÄ‡∏£‡∏µ‡∏¢‡∏ö‡πÄ‡∏ô‡∏µ‡∏¢‡∏ô ‡πÑ‡∏°‡πà‡∏ï‡∏Å‡∏£‡πà‡∏≠‡∏á ‡πÑ‡∏°‡πà‡∏ó‡∏≥‡πÉ‡∏´‡πâ‡πÄ‡∏õ‡πá‡∏ô‡∏Ñ‡∏£‡∏≤‡∏ö ‡πÅ‡∏•‡∏∞‡∏ú‡∏™‡∏°‡∏û‡∏¥‡πâ‡∏á‡∏Ñ‡πå‡πÑ‡∏û‡∏£‡∏°‡πÄ‡∏°‡∏≠‡∏£‡πå‡∏ó‡∏µ‡πà‡∏ä‡πà‡∏ß‡∏¢‡∏õ‡∏£‡∏±‡∏ö‡∏™‡∏µ‡∏ú‡∏¥‡∏ß‡πÉ‡∏´‡πâ‡∏™‡∏ß‡πà‡∏≤‡∏á‡∏Ç‡∏∂‡πâ‡∏ô ‡∏û‡∏£‡πâ‡∏≠‡∏°‡∏™‡∏≤‡∏£‡∏ó‡∏µ‡πà‡∏ö‡∏≥‡∏£‡∏∏‡∏á‡∏ú‡∏¥‡∏ß‡πÉ‡∏´‡πâ‡∏Ç‡∏≤‡∏ß‡∏Å‡∏£‡∏∞‡∏à‡πà‡∏≤‡∏á‡πÉ‡∏™‡∏≠‡∏µ‡∏Å‡∏î‡πâ‡∏ß‡∏¢ ‡∏ã‡∏∂‡πà‡∏á‡πÄ‡∏ä‡∏∑‡πà‡∏≠‡∏ß‡πà‡∏≤‡∏°‡∏±‡∏ô‡∏ï‡πâ‡∏≠‡∏á‡∏î‡∏µ‡∏Å‡∏ß‡πà‡∏≤‡∏Å‡∏±‡∏ô‡πÅ‡∏î‡∏î‡∏ó‡∏µ‡πà‡πÉ‡∏ä‡πâ‡∏≠‡∏¢‡∏π‡πà‡πÅ‡∏ô‡πà‡πÜ‡∏Ñ‡πà‡∏∞,"positive 
",0.6496620178222656
‡∏ô‡πà‡∏≤‡∏•‡∏≠‡∏á‡∏ô‡πä‡∏≤,"positive 
",0.6393108367919922
‡∏Ñ‡∏∑‡∏≠‡∏ß‡∏±‡∏ô‡∏ô‡∏µ‡πâ‡πÅ‡∏ö‡∏ö‡∏ß‡∏±‡∏ô‡∏°‡∏≤‡∏°‡∏≤‡∏Å‡∏≠‡πà‡∏∞ ‡πÅ‡∏•‡πâ‡∏ß‡πÄ‡∏õ‡∏•‡∏µ‡πà‡∏¢‡∏ô‡∏ú‡πâ‡∏≤‡∏≠‡∏ô‡∏≤‡∏°‡∏±‡∏¢‡πÑ‡∏õ‡πÅ‡∏•‡πâ‡∏ß3‡πÅ‡∏ú‡πà‡∏ô ‡πÄ‡∏•‡∏≠‡∏∞‡∏î‡πâ‡∏ß‡∏¢‡∏•‡∏∞‡∏ï‡∏≠‡∏ô‡∏ô‡∏µ‡πâ‡∏¢‡∏∑‡∏ô‡∏ö‡∏ô‡∏£‡∏ñ‡πÄ‡∏°‡∏•‡πå‡πÅ‡∏ö‡∏ö‡∏ä‡∏∏‡πà‡∏°.....,"negative 
",0.6347446441650391
‡∏ï‡∏≠‡∏ô‡∏ô‡∏µ‡πâ‡∏õ‡πã‡∏≤‡∏î‡∏π‡∏î‡∏ô‡∏¥‡∏Ñ‡πÄ‡∏ó‡πà‡∏≤‡πÑ‡∏´‡∏£‡πà‡∏Ñ‡∏£‡∏±‡∏ö,"question 
",0.6465506553649902
‡πÄ‡∏ó‡∏µ‡∏¢‡∏ö‡∏Å‡∏±‡∏ô‡∏£‡∏∞‡∏´‡∏ß‡πà‡∏≤‡∏á‡∏£‡∏≠‡∏á‡∏û‡∏∑‡πâ‡∏ôMarc Jacob ‡∏ó‡∏µ‡πà‡πÄ‡∏Ç‡∏≤‡∏ß‡πà‡∏≤‡∏ï‡∏¥‡∏î‡∏ó‡∏ô‡∏Å‡∏±‡∏öBecca ‡∏Å‡πá‡∏¢‡∏±‡∏á‡∏ä‡∏≠‡∏öBecca‡∏°‡∏≤‡∏Å‡∏Å‡∏ß‡πà‡∏≤ ‡πÅ‡∏ï‡πà‡πÅ‡∏û‡∏á‡πÄ‡∏´‡∏°‡∏∑‡∏≠‡∏ô‡∏Å‡∏±‡∏ô ‡πÅ‡∏á‡πÜ,"negative 
",0.6299843788146973
‡∏ú‡∏°‡∏Å‡πá‡∏£‡∏≠‡πÑ‡∏°‡πâ‡πÑ‡∏´‡∏ß‡∏à‡∏±‡∏îMG zs‡∏°‡∏≤‡∏Ç‡∏±‡∏ö‡πÅ‡∏´‡∏•‡∏∞‡∏£‡∏≤‡∏Ñ‡∏≤‡πÄ‡∏ö‡πà‡∏≤‡πÜ‡πÜ‡πÜ,"positive 
",0.6470177173614502
‡πÄ‡∏ö‡∏≠‡∏£‡πå8‡∏≠‡∏¥‡πÇ‡∏î‡∏ô‡∏¥‡πÄ‡∏ä‡∏µ‡∏¢‡πÄ‡∏•‡πà‡∏ô‡∏î‡∏µ‡∏à‡∏¥‡∏á‡πÜ‡πÅ‡∏ï‡πà‡πÑ‡∏ó‡∏¢‡∏Å‡πá‡πÑ‡∏°‡πà‡∏Ñ‡∏°‡∏ñ‡πâ‡∏≤‡πÄ‡∏•‡πà‡∏ô‡πÅ‡∏ö‡∏ö‡∏ô‡∏µ‡πâ‡∏Å‡πá‡∏¢‡∏∏‡πÅ‡∏ï‡πà‡πÉ‡∏ô‡∏≠‡∏≤‡πÄ‡∏ä‡∏µ‡∏¢‡∏ô‡πÄ‡∏ñ‡∏≠‡∏∞‡∏Ñ‡∏±‡∏ö ‡∏Ñ‡∏•‡∏≠‡∏á‡∏ö‡∏≠‡∏•‡∏Å‡πá‡∏ô‡πâ‡∏≠‡∏¢‡∏Å‡∏ß‡πà‡∏≤‡πÄ‡∏Ç‡∏≤ ‡πÇ‡∏Ñ‡πä‡∏ä‡πÉ‡∏´‡∏°‡πà‡∏Å‡πá‡πÑ‡∏°‡πà‡πÄ‡∏Ç‡πâ‡∏≤‡πÉ‡∏à‡πÄ‡∏ó‡πà‡∏≤‡∏Å‡∏±‡∏ö‡πÇ‡∏Ñ‡πä‡∏ä‡∏Ñ‡∏ô‡πÑ‡∏ó‡∏¢‡∏î‡πâ‡∏ß‡∏¢‡∏Å‡∏±‡∏ô ‡∏ö‡∏≠‡∏•‡πÑ‡∏ó‡∏¢‡∏Å‡∏≥‡∏•‡∏±‡∏á‡∏Å‡∏•‡∏±‡∏ö‡πÑ‡∏õ‡∏¢‡∏∏‡πÉ‡∏ô‡∏¢‡∏∏‡∏Å‡πÄ‡∏î‡∏¥‡∏° ‡∏°‡∏∑‡∏î‡∏°‡∏ô ‡∏Ç‡∏≠‡∏ö‡∏Ñ‡∏∏‡∏ì‡πÄ‡∏ö‡∏µ‡∏¢‡∏£‡πå‡∏ä‡πâ‡∏≤‡∏á‡∏ó‡∏µ‡πà‡∏™‡∏ô‡∏±‡∏ö‡∏™‡∏ô‡∏∏‡∏ô ‡∏ú‡∏°‡∏≠‡∏¢‡πà‡∏≤‡∏á‡πÄ‡∏õ‡πá‡∏ô‡∏ó‡∏≤‡∏á‡∏Å‡∏≤‡∏£,"negative 
",0.7310695648193359
‡∏ß‡πà‡∏≤‡πÉ‡∏Ñ‡∏£,"neutral 
",0.6123671531677246
"‡∏™‡∏¥‡πà‡∏á‡∏ó‡∏µ‡πà‡∏ä‡πà‡∏ß‡∏¢‡πÄ‡∏ï‡∏¥‡∏°‡πÄ‡∏ï‡πá‡∏°‡∏£‡∏™‡∏ä‡∏≤‡∏ï‡∏¥‡∏Ñ‡∏ß‡∏≤‡∏°‡∏≠‡∏£‡πà‡∏≠‡∏¢‡πÉ‡∏ô‡∏°‡∏∑‡πâ‡∏≠‡∏≠‡∏≤‡∏´‡∏≤‡∏£‡∏Ç‡∏≠‡∏á‡πÄ‡∏£‡∏≤‡∏Ñ‡∏á‡∏à‡∏∞‡πÄ‡∏õ‡πá‡∏ô ""‡πÄ‡∏ö‡∏µ‡∏¢‡∏£‡πå‡∏ä‡πâ‡∏≤‡∏á"" ‡πÄ‡∏¢‡πá‡∏ô‡πÜ‡πÜ‡πÜ ‡πÑ‡∏°‡πà‡∏ß‡πà‡∏≤‡∏à‡∏∞‡∏´‡∏ô‡∏≤‡∏ß‡πÅ‡∏•‡∏∞‡∏à‡∏∞‡∏£‡πâ‡∏≠‡∏ô ‡πÄ‡∏û‡∏µ‡∏¢‡∏á‡πÅ‡∏Ñ‡πà‡πÑ‡∏î‡πâ‡∏î‡∏∑‡πà‡∏°‡πÄ‡∏ö‡∏µ‡∏¢‡∏£‡πå‡∏ä‡πâ‡∏≤‡∏á‡∏Å‡∏±‡∏ö‡πÄ‡∏û‡∏∑‡πà‡∏≠‡∏ô‡∏ó‡∏µ‡πà‡∏£‡∏π‡πâ‡πÉ‡∏à‡πÑ‡∏°‡πà‡∏ß‡πà‡∏≤‡∏Ñ‡∏ß‡∏≤‡∏°‡∏ó‡∏∏‡∏Å‡∏Ç‡πå‡∏à‡∏∞‡∏´‡∏ô‡∏±‡∏Å‡∏´‡∏ô‡∏≤‡πÅ‡∏Ñ‡πà‡πÑ‡∏´‡∏ô‡∏Å‡πá‡πÑ‡∏°‡πà‡πÑ‡∏î‡πâ‡πÄ‡∏õ‡πá‡∏ô‡∏≠‡∏∏‡∏õ‡∏™‡∏£‡∏£‡∏Ñ ‡∏¢‡∏¥‡πà‡∏á‡πÑ‡∏î‡πâ‡∏Å‡∏¥‡∏ô‡∏≠‡∏≤‡∏´‡∏≤‡∏£‡∏ó‡∏µ‡πà‡∏°‡∏µ‡∏£‡∏™‡∏ä‡∏≤‡∏ï‡∏¥‡∏≠‡∏£‡πà‡∏≠‡∏¢‡∏ü‡∏±‡∏á‡πÄ‡∏û‡∏•‡∏á‡πÄ‡∏û‡∏£‡∏≤‡∏∞‡πÜ‡∏Å‡∏±‡∏ö‡∏®‡∏¥‡∏•‡∏õ‡∏¥‡∏ô‡∏ó‡∏µ‡πà‡∏ä‡∏≠‡∏ö‡∏Å‡πá‡∏ó‡∏≥‡πÉ‡∏´‡πâ‡∏ü‡∏¥‡∏ô‡πÑ‡∏õ‡∏≠‡∏µ‡∏Å","positive 
",0.7055726051330566
‡πÄ‡∏Æ‡πâ‡∏≠‡∏≠‡∏≠üôÑüôÑüôÑüôÑüôÑ,"negative 
",0.6332378387451172
‡πÑ‡∏î‡πâ‡πÜ ‡∏Ñ‡πà‡∏≠‡∏¢‡πÑ‡∏õ‡∏ß‡∏±‡∏ô‡∏ó‡∏µ‡πà‡∏£‡∏£.‡∏õ‡∏¥‡∏î,"neutral 
",0.5853316783905029
‡∏™‡∏≤‡∏Ç‡∏≤‡πÄ‡∏ã‡∏ô‡∏ó‡∏£‡∏±‡∏•‡∏û‡∏£‡∏∞‡∏£‡∏≤‡∏°‡∏™‡∏≠‡∏á‡πÄ‡∏õ‡∏¥‡∏î‡∏¢‡∏±‡∏á‡∏Ñ‡πà‡∏∞,"question 
",0.5943911075592041
‡πÄ‡∏ó‡πà‡∏≤‡∏ó‡∏µ‡πà‡∏≠‡πà‡∏≤‡∏ô‡∏î‡∏£‡∏≤‡∏°‡πà‡∏≤‡∏Ç‡∏≠‡∏á‡∏ü‡∏≠‡∏£‡πå‡∏î ‡πÅ‡∏•‡∏∞‡πÅ‡∏ü‡∏ô‡πÉ‡∏ä‡πâ‡∏°‡∏≤ ‡∏£‡∏±‡∏ö‡∏£‡∏π‡πâ‡πÑ‡∏î‡πâ‡∏ß‡πà‡∏≤ ‡∏£‡∏ñ‡∏Ñ‡∏∏‡∏ì‡∏†‡∏≤‡∏û‡πÅ‡∏¢‡πà ‡∏Ç‡∏±‡∏ö‡πÜ‡∏≠‡∏¢‡∏π‡πà‡πÄ‡∏Å‡∏µ‡∏¢‡∏£‡πå‡∏û‡∏±‡∏á‡∏á‡∏µ‡πâ ‡∏´‡∏≤‡∏™‡∏≤‡πÄ‡∏´‡∏ï‡∏∏‡πÑ‡∏°‡πà‡πÑ‡∏î‡πâ‡∏≠‡∏∞ ‡πÅ‡∏•‡∏∞‡∏ö‡∏£‡∏¥‡∏Å‡∏≤‡∏£‡∏´‡∏•‡∏±‡∏á‡∏Å‚Ä¶,"negative 
",0.5834941864013672
Nyx ‡πÇ‡∏ã‡∏ô‡πÄ‡∏Ñ‡∏£‡∏∑‡πà‡∏≠‡∏á‡∏™‡∏≥‡∏≠‡∏≤‡∏á‡∏≠‡∏∞,"neutral 
",0.6393749713897705
‡∏û‡∏£‡∏∏‡πà‡∏á‡∏ô‡∏µ‡πâ‡∏ß‡∏±‡∏ô‡∏•‡∏≠‡∏¢‡∏Å‡∏£‡∏∞‡∏ó‡∏á ‡∏ó‡∏≤‡∏á‡∏£‡πâ‡∏≤‡∏ô‡∏°‡∏µ‡∏Å‡∏¥‡∏à‡∏Å‡∏£‡∏£‡∏°‡∏î‡∏µ‡πÜ‡∏û‡∏£‡πâ‡∏≠‡∏°‡∏Ç‡∏≠‡∏á‡∏Ç‡∏ß‡∏±‡∏ç‡∏û‡∏£‡∏µ‡πÄ‡∏°‡∏µ‡∏¢‡∏£‡πå‡∏°‡∏≤‡∏Å‡∏°‡∏≤‡∏¢ ‡∏™‡∏≥‡∏´‡∏£‡∏±‡∏ö‡∏Ñ‡∏∏‡∏ì‡∏•‡∏π‡∏Å‡∏Ñ‡πâ‡∏≤ ‡∏à‡∏≤‡∏Å‡∏ó‡∏≤‡∏á Johnnie Walker ‡∏û‡∏•‡∏≤‡∏î‡πÑ‡∏°‡πà‡πÑ‡∏î‡πâ‡πÄ‡∏•‡∏¢‡∏ô‡∏∞‡∏Ñ‡∏∞üí•,"positive 
",0.608741044998169
‡πÄ‡∏õ‡∏•‡∏µ‡πà‡∏¢‡∏ô‡πÉ‡∏à‡∏à‡∏≤‡∏Å‡∏¢‡∏≤‡∏£‡∏¥‡∏™‡πÅ‡∏•‡πâ‡∏ß,"negative 
",1.0506947040557861
‡∏≠‡∏¥‡∏´‡πà‡∏≤ ‡πÅ‡∏°‡∏Ñ‡πÑ‡∏°‡πà‡∏Ñ‡∏∏‡πâ‡∏°‡πÄ‡∏•‡∏¢ ‡πÄ‡∏Ñ‡∏ü‡∏ã‡∏µ‡∏ô‡πà‡∏≤‡πÅ‡∏î‡∏Å‡∏Å‡∏ß‡πà‡∏≤,"negative 
",1.3700592517852783
#‡∏ä‡πâ‡∏≤‡∏á‡πÄ‡∏≠‡∏ü‡πÄ‡∏≠‡∏Ñ‡∏±‡∏û2017 ‡∏à‡∏±‡∏ö‡∏â‡∏•‡∏≤‡∏Å‡∏ß‡∏±‡∏ô‡∏ô‡∏µ‡πâ‡πÑ‡∏´‡∏°? ‡∏Ñ‡∏∏‡∏ì‡∏≠‡∏¢‡∏≤‡∏Å‡πÄ‡∏à‡∏≠‡∏ó‡∏µ‡∏°‡πÑ‡∏´‡∏ô?,"question 
",0.6825039386749268
‚ò∫Ô∏è‚ò∫Ô∏è‡πÄ‡∏Ñ‡∏¢‡πÑ‡∏´‡∏°‡∏Ñ‡∏£‡∏±‡∏ö? ‡∏Ç‡∏±‡∏ö‡∏£‡∏ñ‡∏ó‡∏≤‡∏á‡πÑ‡∏Å‡∏•‡πÅ‡∏•‡πâ‡∏ß‡∏£‡∏π‡πâ‡∏™‡∏∂‡∏Å‡πÄ‡∏´‡∏ô‡∏∑‡πà‡∏≠‡∏¢‡∏•‡πâ‡∏≤ ‡πÄ‡∏ô‡∏∑‡πà‡∏≠‡∏á‡∏à‡∏≤‡∏Å‡∏ï‡πâ‡∏≠‡∏á‡∏Ñ‡∏≠‡∏¢‡πÄ‡∏´‡∏¢‡∏µ‡∏¢‡∏ö‡∏Ñ‡∏±‡∏ô‡πÄ‡∏£‡πà‡∏á‡πÄ‡∏û‡∏∑‡πà‡∏≠‡∏£‡∏±‡∏Å‡∏©‡∏≤‡∏Ñ‡∏ß‡∏≤‡∏°‡πÄ‡∏£‡πá‡∏ß‡∏≠‡∏¢‡∏π‡πà‡∏ï‡∏•‡∏≠‡∏î‡πÄ‡∏ß‡∏•‡∏≤ ‡∏õ‡∏±‡∏ç‡∏´‡∏≤‡πÄ‡∏´‡∏•‡πà‡∏≤‡∏ô‡∏µ‡πâ‡∏à‡∏∞‡∏´‡∏°‡∏î‡πÑ‡∏õ‡πÄ‡∏û‡∏£‡∏≤‡∏∞ ‡∏°‡∏¥‡∏ï‡∏ã‡∏π‡∏ö‡∏¥‡∏ä‡∏¥ ‡πÅ‡∏≠‡∏ó‡∏ó‡∏£‡∏≤‡∏à ‡∏°‡∏µ‡∏£‡∏∞‡∏ö‡∏ö‡∏•‡πá‡∏≠‡∏Å‡∏Ñ‡∏ß‡∏≤‡∏°‡πÄ‡∏£‡πá‡∏ß‡∏ö‡∏ô‡∏û‡∏ß‡∏á‡∏°‡∏≤‡∏•‡∏±‡∏¢ ‡∏´‡∏£‡∏∑‡∏≠ Cruise Control ‡∏ó‡∏µ‡πà‡∏ä‡πà‡∏ß‡∏¢‡∏•‡∏î‡∏Ñ‡∏ß‡∏≤‡∏°‡πÄ‡∏°‡∏∑‡πà‡∏≠‡∏¢‡∏•‡πâ‡∏≤‡πÄ‡∏°‡∏∑‡πà‡∏≠‡∏ï‡πâ‡∏≠‡∏á‡∏Ç‡∏±‡∏ö‡∏Ç‡∏µ‡πà‡∏ó‡∏≤‡∏á‡πÑ‡∏Å‡∏• ‡∏ó‡∏≥‡πÉ‡∏´‡πâ‡∏ó‡πà‡∏≤‡∏ô‡πÑ‡∏°‡πà‡∏ï‡πâ‡∏≠‡∏á‡πÄ‡∏´‡∏¢‡∏µ‡∏¢‡∏ö‡∏Ñ‡∏±‡∏ô‡πÄ‡∏£‡πà‡∏á‡πÑ‡∏ß‡πâ‡∏ï‡∏•‡∏≠‡∏î‡πÄ‡∏ß‡∏•‡∏≤‡πÄ‡∏°‡∏∑‡πà‡∏≠‡∏Ç‡∏±‡∏ö‡∏Ç‡∏µ‡πà‡∏ó‡∏≤‡∏á‡πÑ‡∏Å‡∏•‡∏Ñ‡∏£‡∏±‡∏ö (‡πÄ‡∏â‡∏û‡∏≤‡∏∞‡∏£‡∏∏‡πà‡∏ô GLS-LTD)ü§ó,"positive 
",0.6724240779876709
‡∏ö‡∏≤‡∏á‡∏™‡∏≤‡∏Ç‡∏≤‡∏ã‡∏≠‡∏™‡∏£‡∏≤‡∏î‡∏´‡∏°‡∏π‡∏´‡∏°‡∏î‡∏≠‡πà‡∏≤‡∏≤!??,"negative 
",0.5738778114318848
‡∏û‡∏£‡πâ‡∏≠‡∏°‡πÄ‡∏™‡∏°‡∏≠,"positive 
",0.6523423194885254
‡∏Å‡∏≤‡∏ô‡∏¥‡πÄ‡∏¢‡πà‡∏Ñ‡πà‡∏∞,"neutral 
",0.6703214645385742
‡∏´‡πâ‡∏≤‡∏á #showdc ‡πÄ‡∏õ‡πá‡∏ô‡∏´‡πâ‡∏≤‡∏á‡∏ó‡∏µ‡πà‡∏á‡∏á‡πÄ‡∏î‡πâ ‡∏£‡πâ‡∏≤‡∏ô k-super ‡∏°‡∏≤‡∏°‡πà‡∏≤‡πÄ‡∏ú‡πá‡∏î‡∏ï‡∏¥‡∏î‡∏£‡∏≤‡∏Ñ‡∏≤‡∏Å‡πá‡πÑ‡∏°‡πà‡∏ï‡∏£‡∏á ‡∏ï‡∏¥‡∏î‡πÑ‡∏ß‡πâ‡πÅ‡∏û‡∏Ñ275‡πÅ‡∏ï‡πà‡∏Ñ‡∏¥‡∏î‡∏°‡∏≤310‡∏á‡∏á‡πÄ‡∏î‡πâ ‡πÅ‡∏ñ‡∏°‡πÅ‡∏û‡πá‡∏Ñ‡∏ó‡∏µ‡πà‡∏≠‡∏¢‡∏π‡πà‡∏Ñ‡∏ô‡∏•‡∏∞‡∏ù‡∏±‡πà‡∏á‡∏£‡∏≤‡∏Ñ‡∏≤‡∏Å‡πá‡πÑ‡∏°‡πà‡πÄ‡∏´‡∏°‡∏∑‡∏≠‡∏ô‡∏Å‡∏±‡∏ô(1),"negative 
",0.6307661533355713
‡∏™‡∏°‡∏±‡∏¢‡∏´‡∏ô‡∏∏‡πà‡∏°‡πÜ‡∏Ç‡∏±‡∏öHonda city ‡πÑ‡∏õ‡πÑ‡∏´‡∏ô‡πÉ‡∏Å‡∏•‡πâ‡πÑ‡∏Å‡∏• ‡∏Ñ‡∏•‡πà‡∏≠‡∏á‡∏ï‡∏±‡∏ß ‡πÑ‡∏°‡πà‡∏ß‡πà‡∏≤‡∏Å‡∏≤‡∏£‡∏Ç‡∏±‡∏ö‡πÅ‡∏ö‡∏ö‡∏ó‡∏≥‡∏Ñ‡∏ß‡∏≤‡∏°‡πÄ‡∏£‡πá‡∏ß ‡πÉ‡∏ô‡∏Å‡∏≤‡∏£‡∏ó‡∏≥‡∏á‡∏≤‡∏ô ‡πÅ‡∏•‡∏∞‡∏Ç‡∏±‡∏ö‡πÅ‡∏ö‡∏ö‡∏™‡∏ö‡∏≤‡∏¢‡πÜ‡∏¢‡∏≤‡∏°‡∏û‡∏±‡∏Å‡∏ú‡πà‡∏≠‡∏ô ‡∏õ‡∏±‡∏à‡∏à‡∏∏‡∏ö‡∏±‡∏ô‡πÉ‡∏ä‡πâCRV‡πÉ‡∏´‡∏°‡πà7‡∏ó‡∏µ‡πà‡∏ô‡∏±‡πà‡∏á ‡∏ä‡∏µ‡∏ß‡∏¥‡∏ï‡∏™‡∏∞‡∏î‡∏ß‡∏Å‡∏™‡∏ö‡∏≤‡∏¢‡∏°‡∏≤‡∏Å‡∏Ç‡∏∂‡πâ‡∏ô‡∏ó‡∏±‡πâ‡∏á‡∏Å‡∏≤‡∏£‡∏Ç‡∏ô‡∏™‡∏±‡∏°‡∏†‡∏≤‡∏£‡∏∞‡πÅ‡∏•‡∏∞‡∏Å‡∏≤‡∏£‡∏ó‡πà‡∏≠‡∏á‡πÄ‡∏ó‡∏µ‡πà‡∏¢‡∏ß‡∏Å‡∏±‡∏ô‡∏ó‡∏±‡πâ‡∏á‡∏Ñ‡∏£‡∏≠‡∏ö‡∏Ñ‡∏£‡∏±‡∏ß,"positive 
",0.6434037685394287
‡∏Å‡∏•‡∏∏‡πà‡∏° cp. & ‡πÄ‡∏ö‡∏µ‡∏¢‡∏£‡πå‡∏ä‡πâ‡∏≤‡∏á ‡∏Å‡∏¥‡∏ô‡∏£‡∏ß‡∏ö‡πÑ‡∏õ‡∏´‡∏°‡∏î‡πÅ‡∏•‡πâ‡∏ß ‡∏ó‡∏µ‡πà‡πÄ‡∏´‡∏•‡∏∑‡∏≠ ‡∏£‡∏≠‡∏Ñ‡∏ß‡∏≤‡∏°‡∏ï‡∏≤‡∏¢ ‡∏°‡∏µ‡πÅ‡∏ï‡πà‡∏Å‡πâ‡∏≤‡∏á ‡∏Å‡∏£‡∏∞‡∏î‡∏π‡∏Å ‡πÉ‡∏´‡πâ‡∏£‡∏∏‡∏°‡πÅ‡∏¢‡πà‡∏á ‡πÄ‡∏ô‡∏∑‡πâ‡∏≠‡πÜ‡∏´‡∏°‡∏î‡πÅ‡∏•‡πâ‡∏ß,"negative 
",0.7927248477935791
‡πÄ‡∏ô‡∏∑‡πâ‡∏≠‡∏ä‡∏¥‡πâ‡∏ô‡∏´‡∏ô‡∏≤‡πÜ,"neutral 
",0.6940698623657227
‡∏Å‡∏¥‡∏ô‡πÄ‡∏ö‡∏∑‡πà‡∏≠‡πÅ‡∏£‡∏∞,"negative 
",0.6424810886383057
‡∏ã‡∏∑‡πâ‡∏≠‡∏°‡∏≤‡πÉ‡∏´‡πâ‡∏•‡∏≠‡∏á‡∏´‡∏ô‡πà‡∏≠‡∏¢‡πÄ‡∏ã‡πÄ‡∏ß‡πà‡∏ô‡∏°‡∏µ‡∏Ç‡∏≤‡∏¢üòö,"neutral 
",0.6405289173126221
‡∏Ç‡πâ‡∏≤‡∏á‡∏ï‡∏∂‡∏Å‡∏ü‡∏¥‡∏®‡πÉ‡∏´‡∏°‡πà‡∏°‡∏µ‡∏Ñ‡∏≠‡∏ô‡πÇ‡∏î‡∏Ç‡∏≠‡∏á‡πÅ‡∏™‡∏ô‡∏™‡∏¥‡∏£‡∏¥ ‡∏Ñ‡∏∑‡∏≠‡∏≠‡∏¢‡∏≤‡∏Å‡∏ã‡∏∑‡πâ‡∏≠‡∏°‡∏≤‡∏Å ‡πÄ‡∏î‡∏¥‡∏ô 1 ‡∏ô‡∏≤‡∏ó‡∏µ‡∏ñ‡∏∂‡∏á‡∏ó‡∏µ‡πà‡∏ó‡∏≥‡∏á‡∏≤‡∏ô ‡πÄ‡∏î‡∏¥‡∏ô 3 ‡∏ô‡∏≤‡∏ó‡∏µ‡∏ñ‡∏∂‡∏á‡∏ö‡∏µ‡∏ó‡∏µ‡πÄ‡∏≠‡∏™‡∏ó‡∏≠‡∏á‡∏´‡∏•‡πà‡∏≠ ‡∏ï‡∏¥‡∏î‡∏ó‡∏µ‡πà‡πÑ‡∏°‡πà‡∏°‡∏µ‡πÄ‡∏á‡∏¥‡∏ô,"negative 
",0.5975310802459717
‡∏≠‡∏¢‡∏≤‡∏Å‡∏Å‡∏¥‡∏ô‡∏ß‡∏∞ ‡πÅ‡∏Å,"positive 
",0.6230459213256836
‡∏Ñ‡∏£‡∏±‡∏ö‡∏õ‡πã‡∏≤ ‡∏ï‡πâ‡∏≠‡∏á‡∏Å‡∏≤‡∏£‡πÅ‡∏Ñ‡πà‡∏ô‡∏µ‡πâ‡∏à‡∏£‡∏¥‡∏á‡πÜ ‡∏Ç‡∏≠‡πÉ‡∏´‡πâ‡∏¢‡∏≠‡∏°‡πÄ‡∏õ‡∏¥‡∏î‡πÄ‡∏´‡∏≠‡∏∞,"negative 
",0.6697969436645508
‡∏≠‡∏¢‡πà‡∏≤‡πÑ‡∏õ‡∏Ñ‡∏¥‡∏î‡∏°‡∏≤‡∏Å..... ‡∏ü‡∏≠‡∏£‡πå‡∏à‡∏π‡∏ô‡πÄ‡∏ô‡∏≠‡∏£‡πå1.7‡∏•. ‡πÄ‡∏ö‡∏ô‡∏ã‡πå3-4‡∏•. ‡∏Ñ‡∏ô‡∏ã‡∏∑‡πâ‡∏≠‡πÑ‡∏°‡πà‡πÄ‡∏Ñ‡∏¢‡∏ö‡πà‡∏ô‡πÄ‡∏•‡∏¢,"positive 
",0.6058297157287598
"‡∏ü‡∏≠‡∏£‡πå‡∏î ‡∏ö‡∏∏‡∏Å‡∏ï‡∏•‡∏≤‡∏î ""‡∏≠‡∏µ‡∏ß‡∏µ"" ‡πÉ‡∏ô‡∏≠‡∏¥‡∏ô‡πÄ‡∏î‡∏µ‡∏¢ #prachachat #‡∏ï‡∏•‡∏≤‡∏î‡∏£‡∏ñ‡∏¢‡∏ô‡∏ï‡πå","neutral 
",0.5592036247253418
2‡∏ä‡∏∏‡∏î‡∏à‡∏ö‡πÄ‡∏•‡∏¢,"neutral 
",0.5916485786437988
‡∏Ç‡∏≠‡∏ö‡∏Ñ‡∏∏‡∏ì‡∏à‡πâ‡∏≤,"positive 
",0.712578296661377
& Resilience Soothing Treatment Lotion ‡∏ó‡∏£‡∏µ‡∏ó‡πÄ‡∏°‡∏ô‡∏ï‡πå‡πÇ‡∏•‡∏ä‡∏±‡πà‡∏ô‡∏™‡∏π‡∏ï‡∏£‡πÉ‡∏´‡∏°‡πà‡∏õ‡∏£‡∏≤‡∏®‡∏à‡∏≤‡∏Å‡πÅ‡∏≠‡∏•‡∏Å‡∏≠‡∏Æ‡∏≠‡∏•‡πå‡∏ó‡∏µ‡πà‡∏ä‡πà‡∏ß‡∏¢‡∏õ‡∏•‡∏≠‡∏ö‡∏õ‡∏£‡∏∞‡πÇ‡∏•‡∏°‡∏ú‡∏¥‡∏ß‡∏î‡πâ‡∏ß‡∏¢‡∏Ñ‡∏∏‡∏ì‡∏õ‡∏£‡∏∞‡πÇ‡∏¢‡∏ä‡∏ô‡πå‡∏à‡∏≤‡∏Å‡πÄ‡∏´‡πá‡∏î‡∏ô‡∏≤‡∏ô‡∏≤‡∏ä‡∏ô‡∏¥‡∏î‡∏ó‡∏µ‡πà‡∏ú‡πà‡∏≤‡∏ô‡∏Å‡∏≤‡∏£‡∏Ñ‡∏¥‡∏î‡∏Ñ‡πâ‡∏ô‡πÄ‡∏û‡∏∑‡πà‡∏≠‡πÉ‡∏´‡πâ‡πÑ‡∏î‡πâ‡∏™‡∏π‡∏ï‡∏£‡∏ó‡∏µ‡πà‡∏î‡∏µ‡∏ó‡∏µ‡πà‡∏™‡∏∏‡∏î‡∏ï‡πà‡∏≠‡∏ú‡∏¥‡∏ß ‡πÄ‡∏ä‡∏¥‡∏ç‡∏£‡∏±‡∏ö‡∏ü‡∏£‡∏µ! ‡∏Ç‡∏ô‡∏≤‡∏î‡∏ó‡∏î‡∏•‡∏≠‡∏á‡πÅ‡∏•‡∏∞‡∏ö‡∏£‡∏¥‡∏Å‡∏≤‡∏£‡∏õ‡∏£‡∏ô‡∏ô‡∏¥‡∏ö‡∏±‡∏ï‡∏¥‡∏ú‡∏¥‡∏ß 25 ‡∏ô‡∏≤‡∏ó‡∏µ ‡∏ó‡∏µ‡πà‡πÄ‡∏Ñ‡∏≤‡∏ô‡πå‡πÄ‡∏ï‡∏≠‡∏£‡πå‡∏≠‡∏≠‡∏£‡∏¥‡∏à‡∏¥‡∏ô‡∏™‡πå‡∏ó‡∏∏‡∏Å‡∏™‡∏≤‡∏Ç‡∏≤ ‡∏Ñ‡πâ‡∏ô‡∏´‡∏≤‡πÑ‡∏î‡πâ‡∏ó‡∏µ‡πà www.origins.co.th/store-locator (‡∏ú‡∏•‡∏¥‡∏ï‡∏†‡∏±‡∏ì‡∏ë‡πå‡∏Ç‡∏ô‡∏≤‡∏î‡∏ó‡∏î‡∏•‡∏≠‡∏á‡∏°‡∏µ‡∏à‡∏≥‡∏ô‡∏ß‡∏ô‡∏à‡∏≥‡∏Å‡∏±‡∏î‡πÅ‡∏•‡∏∞‡πÇ‡∏õ‡∏£‡∏î‡∏™‡∏≥‡∏£‡∏≠‡∏á‡∏™‡∏¥‡∏ó‡∏ò‡∏¥‡πå‡∏Å‡πà‡∏≠‡∏ô‡∏£‡∏±‡∏ö‡∏ö‡∏£‡∏¥‡∏Å‡∏≤‡∏£),"positive 
",0.6125807762145996
‡∏ô‡∏≤‡∏ß‡∏≤‡∏£‡πà‡∏≤..‡πÅ‡∏Ç‡πá‡∏á‡πÅ‡∏Å‡∏£‡πà‡∏á ‡∏î‡∏∏‡∏î‡∏±‡∏ô ‡∏î‡∏±‡πà‡∏á‡∏Ç‡∏ß‡∏≤‡∏ô‡∏ö‡∏¥‡πà‡∏ô,"positive 
",0.6128089427947998
‡πÄ‡∏ö‡∏µ‡∏¢‡∏£‡πå‡πÄ‡∏õ‡πá‡∏ô‡∏•‡∏±‡∏á‡πÑ‡∏°‡πà‡πÄ‡∏Ñ‡∏¢‡πÄ‡∏°‡∏≤ ‡∏°‡∏∏‡∏á‡∏à‡∏∞‡∏°‡∏≤‡πÅ‡∏û‡πâ‡πÅ‡∏Ñ‡πà‡∏™‡∏õ‡∏≤‡∏¢3‡∏Ç‡∏ß‡∏î‡πÄ‡∏´‡∏£‡∏≠,"negative 
",0.5910770893096924
‡∏°‡∏≤‡∏™‡∏î‡πâ‡∏≤ 2 ‡πÅ‡∏Ñ‡∏ö‡∏ô‡∏∞ ‡∏Ç‡πâ‡∏≤‡∏á‡∏´‡∏•‡∏±‡∏á ‡πÅ‡∏ï‡πà‡πÄ‡∏õ‡πá‡∏ô‡∏£‡∏ñ‡∏´‡∏ô‡∏±‡∏Å‡πÄ‡∏´‡∏°‡∏≤‡∏∞‡πÅ‡∏Å‡πà‡∏Å‡∏≤‡∏£‡∏Ç‡∏±‡∏ö‡∏Ç‡∏µ‡πà‡∏°‡∏≤‡∏Å‡∏°‡∏≤‡∏¢‡∏û‡∏µ‡πà‡πÄ‡∏Ñ‡πâ‡∏≤‡πÉ‡∏ä‡πâ‡∏≠‡∏¢‡∏π‡πà‡πÜ‡πÜ ‡πÅ‡∏ï‡πà‡πÄ‡∏Ñ‡πâ‡∏≤‡∏ß‡πà‡∏≤‡πÅ‡∏Å‡πÑ‡∏°‡πà‡∏ï‡πâ‡∏≠‡∏á‡∏Ñ‡∏≠‡∏ô‡πÄ‡∏ã‡∏¥‡∏ô‡πÄ‡∏£‡∏∑‡πà‡∏≠‡∏á‡∏´‡∏ô‡∏±‡∏Å‡πÄ‡∏ö‡∏≤‡∏Å‡πá‡πÑ‡∏î‡πâ‡πÄ‡∏û‡∏£‡∏≤‡∏∞‡∏ß‡πà‡∏≤‡∏ñ‡πâ‡∏≤‡∏´‡∏ô‡∏±‡∏Å‡∏Ç‡πâ‡∏≠‡πÄ‡∏™‡∏µ‡∏¢‡∏Ñ‡∏∑‡∏≠‡πÄ‡∏õ‡∏•‡∏∑‡∏≠‡∏á‡∏ô‡πâ‡∏≥‡∏°‡∏±‡∏ô ‡πÄ‡∏≠‡∏≤‡∏à‡∏£‡∏¥‡∏á‡πÜ‡πÄ‡∏£‡∏≤‡∏Å‡πá‡πÑ‡∏°‡πà‡πÑ‡∏î‡πâ‡∏ß‡πà‡∏≤‡∏Ç‡∏±‡∏ö‡∏ó‡∏≤‡∏á‡πÑ‡∏Å‡∏•‡∏ö‡πà‡∏≠‡∏¢‡πÑ‡∏£‡∏á‡∏µ‡πâ ‡∏£‡∏ñ‡πÄ‡∏ö‡∏≤‡πÜ‡∏Å‡πá‡∏ñ‡∏∑‡∏≠‡∏ß‡πà‡∏≤‡∏î‡∏µ,"negative 
",0.5879330635070801
‡∏ú‡∏°‡∏°‡∏≠‡∏á‡πÜX-Trail minor‡πÄ‡∏´‡∏°‡∏∑‡∏≠‡∏ô‡∏Å‡∏±‡∏ô‡∏Ñ‡∏£‡∏±‡∏ö ‡∏ñ‡πâ‡∏≤‡πÑ‡∏î‡πâ‡∏ñ‡∏∏‡∏á‡∏•‡∏°‡πÄ‡∏û‡∏¥‡πà‡∏° ‡∏°‡∏±‡∏ô‡∏à‡∏∞‡πÄ‡∏õ‡πá‡∏ô‡∏£‡∏ñ‡∏ó‡∏µ‡πà‡∏à‡∏ö‡πÄ‡∏•‡∏¢‡∏Å‡∏±‡∏ö‡∏õ‡∏£‡∏∞‡πÄ‡∏†‡∏ó‡∏ô‡∏µ‡πâ ‡∏Å‡∏≤‡∏£‡∏Ç‡∏±‡∏ö‡∏Ç‡∏µ‡πà‡∏Å‡πá‡∏î‡∏µ ‡πÄ‡∏ö‡∏≤‡∏∞‡∏´‡∏•‡∏±‡∏á‡∏™‡∏ö‡∏≤‡∏¢‡∏™‡∏∏‡∏î‡πÉ‡∏ô‡∏Ñ‡∏•‡∏≤‡∏™,"positive 
",0.608945369720459
‡πÄ‡∏°‡∏∑‡πà‡∏≠‡∏ß‡∏≤‡∏ô‡πÑ‡∏°‡πà‡πÄ‡∏´‡πá‡∏ô‡∏°‡∏µ‡πÇ‡∏õ‡∏£ ‡∏Å‡∏¥‡∏ô‡πÄ‡∏™‡∏£‡πá‡∏à‡∏°‡∏µ‡πÇ‡∏õ‡∏£‡πÄ‡∏â‡∏¢,"negative 
",0.6815922260284424
‡∏ö‡∏∏‡∏´‡∏£‡∏µ‡πà‡πÑ‡∏ü‡∏ü‡πâ‡∏≤‡∏ô‡πà‡∏≤‡πÄ‡∏Å‡∏•‡∏µ‡∏¢‡∏î‡∏Å‡∏ß‡πà‡∏≤,"negative 
",0.6578526496887207
‡πÄ‡∏≠‡πâ‡∏≤‡∏≤‡∏≤‡∏≤ 5555,"positive 
",0.5884792804718018
‡πÇ‡∏≠‡πâ‡∏¢‡∏≠‡∏¢‡∏≤‡∏Å ‡∏û‡∏±‡∏ô‡∏£‡∏≥ ‡∏Å‡∏≥‡∏•‡∏±‡∏á‡πÄ‡∏û‡∏•‡∏¥‡∏ô,"positive 
",0.6571528911590576
‡πÅ‡∏ô‡∏∞‡∏ô‡∏≥‡∏ô‡πâ‡∏≥‡∏°‡∏±‡∏ô‡πÄ‡∏Ñ‡∏£‡∏∑‡πà‡∏≠‡∏á ‡∏£‡∏ñ mazda cx5 ‡πÉ‡∏´‡πâ‡∏´‡∏ô‡πà‡∏≠‡∏¢‡∏Ñ‡∏£‡∏±‡∏ö‡πÅ‡∏•‡∏∞‡∏Ç‡∏≠‡∏ó‡∏£‡∏≤‡∏ö‡∏£‡∏≤‡∏Ñ‡∏≤‡∏™‡∏¥‡∏ô‡∏Ñ‡πâ‡∏≤‡∏î‡πâ‡∏ß‡∏¢‡∏Ñ‡∏£‡∏±‡∏ö,"question 
",0.6682329177856445
‡∏ß‡∏±‡∏ô‡∏ô‡∏µ‡πâ‡πÑ‡∏°‡πà‡πÑ‡∏î‡πâ ‡∏Å‡∏π‡∏Å‡∏¥‡∏ô‡∏°‡∏±‡∏á ‡πÄ‡∏≠‡∏≤‡∏ß‡∏±‡∏ô‡∏≠‡∏∑‡πà‡∏ô555555555,"negative 
",0.6795666217803955
‡∏û‡∏Å‡∏õ‡∏∑‡∏ô‡πÄ‡∏ñ‡∏∑‡πà‡∏≠‡∏ô‡πÇ‡∏ó‡∏©‡∏¢‡∏±‡∏á‡∏ô‡πâ‡∏≠‡∏¢‡∏Å‡∏ß‡πà‡∏≤‡∏ö‡∏∏‡∏´‡∏£‡∏µ‡πà‡πÑ‡∏ü‡∏ü‡πâ‡∏≤‡∏≠‡∏µ‡∏Å,"negative 
",19.48084592819214
‡∏ó‡∏≥‡πÑ‡∏°‡∏Å‡∏¥‡∏ô‡πÅ‡∏•‡πâ‡∏ß‡πÅ‡∏°‡πà‡∏á‡πÅ‡∏Æ‡∏á‡∏Ñ‡πå ‡∏Å‡∏ß‡πà‡∏≤‡∏Å‡∏¥‡∏ô‡∏ä‡πâ‡∏≤‡∏á ‡∏Å‡∏¥‡∏ô‡∏•‡∏µ‡πÇ‡∏≠‡∏ß‡πà‡∏∞ ‡∏´‡∏£‡∏∑‡∏≠‡∏•‡∏¥‡πâ‡∏ô‡πÑ‡∏°‡πà‡∏ñ‡∏∂‡∏á‡∏Å‡πá‡πÑ‡∏°‡πà‡∏£‡∏π‡πâ,"negative 
",0.6395232677459717
‡∏™‡∏°‡∏±‡∏¢‡∏Ñ‡∏∏‡∏ì‡∏õ‡∏π‡πÄ‡∏Ñ‡∏¢‡∏ï‡∏£‡∏ß‡∏à‡∏™‡∏≠‡∏ö‡∏≠‡∏∞‡πÑ‡∏£‡πÑ‡∏î‡πâ‡∏ó‡∏µ‡πà‡πÑ‡∏´‡∏ô‡∏Ñ‡∏£‡∏±‡∏ö ‡πÅ‡∏Ñ‡πà‡∏ï‡∏±‡πâ‡∏á‡∏Å‡∏£‡∏£‡∏°‡∏Å‡∏≤‡∏£‡∏™‡∏≠‡∏ö‡∏ô‡∏µ‡πà‡∏ô‡∏±‡πà‡∏ô‡∏¢‡∏±‡∏á‡πÑ‡∏°‡πà‡πÄ‡∏Ñ‡∏¢‡∏ó‡∏≥‡πÄ‡∏•‡∏¢,"negative 
",0.6571848392486572
"‡πÄ‡∏Ç‡πâ‡∏≤‡πÑ‡∏õ‡∏≠‡πà‡∏≤‡∏ô‡∏Ñ‡∏≠‡∏°‡πÄ‡∏°‡∏ô‡∏ó‡πå‡∏•‡∏∞‡πÇ‡∏°‡πÇ‡∏´‡∏ô‡∏∞ ‡∏ó‡∏µ‡πà‡∏ö‡∏≠‡∏Å‡∏ß‡πà‡∏≤ ‡πÄ‡∏£‡∏µ‡∏¢‡∏Å‡∏£‡πâ‡∏≠‡∏á‡∏õ‡∏£‡∏∞‡∏Å‡∏±‡∏ô 10 ‡∏õ‡∏µ ‡∏Ç‡∏±‡∏ö‡∏à‡∏ô‡πÄ‡∏õ‡πá‡∏ô‡∏£‡∏ñ‡∏Å‡∏£‡∏∞‡∏õ‡πã‡∏≠‡∏á‡πÑ‡∏õ‡πÅ‡∏•‡πâ‡∏ß ‡πÄ‡∏≠‡∏≤‡∏à‡∏£‡∏¥‡∏á‡πÜ ‡πÄ‡∏£‡∏≤‡∏≠‡πâ‡∏∞ ‡∏Ñ‡∏∑‡∏≠ ‡∏Ñ‡∏ô‡πÉ‡∏ä‡πâ CX-5 ‡∏ó‡∏µ‡πà‡∏°‡∏µ‡∏õ‡∏±‡∏ç‡∏´‡∏≤ ‡∏≠‡∏¢‡∏≤‡∏Å‡∏à‡∏∞‡∏ö‡∏≠‡∏Å‡∏ß‡πà‡∏≤ ‡∏õ‡∏£‡∏∞‡∏Å‡∏±‡∏ô 10 ‡∏õ‡∏µ ‡∏´‡∏£‡∏∑‡∏≠ 500,000 ‡∏Å‡∏¥‡πÇ‡∏• ‡∏≠‡πâ‡∏∞ ‡∏°‡∏±‡∏ô‡πÑ‡∏°‡πà‡∏û‡∏≠‡∏ô‡∏∞ ‡πÄ‡∏£‡∏≤‡∏≠‡∏¢‡∏≤‡∏Å‡πÉ‡∏´‡πâ‡∏Ñ‡∏∏‡∏ì‡∏ã‡∏∑‡πâ‡∏≠‡∏£‡∏ñ‡∏Ñ‡∏∑‡∏ô‡πÑ‡∏õ‡πÉ‡∏ô‡∏£‡∏≤‡∏Ñ‡∏≤‡∏ó‡∏µ‡πà‡πÄ‡∏£‡∏≤‡∏ã‡∏∑‡πâ‡∏≠‡∏°‡∏≤ ‡∏à‡∏∞‡∏´‡∏±‡∏Å‡∏Ñ‡πà‡∏≤‡πÄ‡∏™‡∏∑‡πà‡∏≠‡∏°‡∏Å‡πá‡πÑ‡∏î‡πâ ‡πÅ‡∏ï‡πà‡∏Ç‡∏≠‡∏≠‡∏¢‡πà‡∏≤‡πÉ‡∏´‡πâ‡∏°‡∏±‡∏ô‡πÄ‡∏õ‡πá‡∏ô‡∏£‡∏≤‡∏Ñ‡∏≤‡∏ï‡∏•‡∏≤‡∏î‡πÄ‡∏•‡∏¢ ‡∏ã‡∏∑‡πâ‡∏≠‡∏°‡∏≤‡∏•‡πâ‡∏≤‡∏ô‡πÄ‡∏à‡πá‡∏î ‡∏£‡∏≤‡∏Ñ‡∏≤‡∏ï‡∏•‡∏≤‡∏î‡∏™‡∏≤‡∏°‡∏õ‡∏µ ‡πÄ‡∏´‡∏•‡∏∑‡∏≠‡πÄ‡∏à‡πá‡∏î‡πÅ‡∏™‡∏ô ‡πÄ‡∏£‡∏≤‡∏ã‡∏∑‡πâ‡∏≠ mazda cx5 diesel 2.2 ‡πÉ‡∏ä‡πâ‡∏°‡∏≤ ‡∏™‡∏≤‡∏°‡∏õ‡∏µ‡∏Å‡∏ß‡πà‡∏≤ ‡∏£‡∏∞‡∏¢‡∏∞‡∏ó‡∏≤‡∏á‡∏õ‡∏£‡∏∞‡∏°‡∏≤‡∏ì‡πÅ‡∏õ‡∏î‡∏´‡∏°‡∏∑‡πà‡∏ô‡∏Å‡∏¥‡πÇ‡∏• ‡πÄ‡∏£‡∏≤‡∏ã‡πà‡∏≠‡∏°‡∏°‡∏≤‡∏´‡∏•‡∏≤‡∏¢‡∏≠‡∏¢‡πà‡∏≤‡∏á‡∏°‡∏≤‡∏Å‡πÅ‡∏•‡πâ‡∏ß ‡πÄ‡∏õ‡∏•‡∏µ‡πà‡∏¢‡∏ô‡πÄ‡∏ó‡∏≠‡∏£‡πå‡πÇ‡∏ö‡πÑ‡∏õ‡∏≠‡∏±‡∏ô‡∏ô‡∏∂‡∏á ‡πÄ‡∏õ‡∏•‡∏µ‡πà‡∏¢‡∏ô‡∏õ‡∏±‡πä‡∏°‡∏™‡∏∏‡∏ç‡∏ç‡∏≤‡∏Å‡∏≤‡∏®‡πÑ‡∏õ‡∏™‡∏≠‡∏á‡∏≠‡∏±‡∏ô ‡πÄ‡∏õ‡∏•‡∏µ‡πà‡∏¢‡∏ô‡πÄ‡∏û‡∏•‡∏≤‡∏•‡∏π‡∏Å‡πÄ‡∏ö‡∏µ‡πâ‡∏¢‡∏ß‡πÑ‡∏õ‡πÅ‡∏•‡πâ‡∏ß‡∏î‡πâ‡∏ß‡∏¢ ‡πÄ‡∏£‡∏≤‡πÄ‡∏≠‡∏≤‡∏£‡∏ñ‡πÄ‡∏Ç‡πâ‡∏≤‡∏≠‡∏π‡πà‡πÄ‡∏â‡∏•‡∏µ‡πà‡∏¢‡∏õ‡∏µ‡∏•‡∏∞ 10 ‡∏Ñ‡∏£‡∏±‡πâ‡∏á ‡∏õ‡∏µ‡∏ô‡∏∂‡∏á‡∏°‡∏µ 12 ‡πÄ‡∏î‡∏∑‡∏≠‡∏ô ‡πÅ‡∏õ‡∏•‡∏ß‡πà‡∏≤ ‡πÄ‡∏£‡∏≤‡∏ï‡πâ‡∏≠‡∏á‡πÄ‡∏≠‡∏≤‡∏£‡∏ñ‡πÄ‡∏Ç‡πâ‡∏≤‡∏≠‡∏π‡πà ‡πÄ‡∏î‡∏∑‡∏≠‡∏ô‡∏•‡∏∞‡∏õ‡∏£‡∏∞‡∏°‡∏≤‡∏ì 1 ‡∏Ñ‡∏£‡∏±‡πâ‡∏á ‡∏ñ‡∏≤‡∏°‡∏Ñ‡∏ô‡∏ó‡∏µ‡πà‡∏Ç‡∏±‡∏ö‡∏£‡∏ñ ‡∏ó‡∏∏‡∏Å‡∏ß‡∏±‡∏ô‡∏ô‡∏µ‡πâ ‡∏Ñ‡∏∏‡∏ì‡πÄ‡∏Ç‡πâ‡∏≤‡∏≠‡∏π‡πà‡∏õ‡∏µ‡∏•‡∏∞‡∏Å‡∏µ‡πà‡∏Ñ‡∏£‡∏±‡πâ‡∏á ‡∏Ñ‡∏£‡∏±‡πâ‡∏á‡∏ó‡∏µ‡πà‡∏ô‡∏≤‡∏ô‡∏ó‡∏µ‡πà‡∏™‡∏∏‡∏î ‡∏£‡∏ñ‡∏Ñ‡∏∏‡∏ì‡∏≠‡∏¢‡∏π‡πà‡πÉ‡∏ô‡∏≠‡∏π‡πà‡∏Å‡∏µ‡πà‡∏ß‡∏±‡∏ô ‡∏Ç‡∏≠‡∏á‡πÄ‡∏£‡∏≤ ‡πÇ‡∏î‡∏¢‡πÄ‡∏â‡∏•‡∏µ‡πà‡∏¢ ‡∏õ‡∏µ‡∏ô‡∏∂‡∏á ‡∏£‡∏ñ‡πÄ‡∏£‡∏≤‡∏≠‡∏¢‡∏π‡πà‡πÉ‡∏ô‡∏≠‡∏π‡πà 3 ‡πÄ‡∏î‡∏∑‡∏≠‡∏ô ‡∏Ñ‡∏£‡∏±‡πâ‡∏á‡∏ó‡∏µ‡πà‡∏ô‡∏≤‡∏ô‡∏ó‡∏µ‡πà‡∏™‡∏∏‡∏î ‡∏≠‡∏¢‡∏π‡πà‡πÄ‡∏Å‡∏∑‡∏≠‡∏ö‡∏™‡∏≠‡∏á‡πÄ‡∏î‡∏∑‡∏≠‡∏ô ‡∏Ñ‡∏¥‡∏î‡∏ß‡πà‡∏≤ ‡πÄ‡∏£‡∏≤‡∏°‡∏µ‡∏Ñ‡πà‡∏≤‡πÄ‡∏™‡∏µ‡∏¢‡∏´‡∏≤‡∏¢‡∏à‡∏≤‡∏Å‡∏Å‡∏≤‡∏£‡πÑ‡∏°‡πà‡πÑ‡∏î‡πâ‡πÉ‡∏ä‡πâ‡∏£‡∏ñ‡πÄ‡∏ó‡πà‡∏≤‡πÑ‡∏´‡∏£‡πà ‡∏Ñ‡πà‡∏≤‡πÅ‡∏ó‡πá‡∏Å‡∏ã‡∏µ‡πà ‡∏Ñ‡πà‡∏≤‡∏£‡∏ñ‡πÄ‡∏°‡∏•‡πå ‡∏Ñ‡πà‡∏≤‡πÄ‡∏£‡∏∑‡∏≠ ‡πÄ‡∏ó‡πà‡∏≤‡πÑ‡∏´‡∏£‡πà ‡∏ö‡πâ‡∏≤‡∏ô‡∏≠‡∏¢‡∏π‡πà‡∏û‡∏£‡∏∞‡∏£‡∏≤‡∏°‡∏™‡∏≤‡∏° (‡∏™‡∏∞‡∏û‡∏≤‡∏ô‡πÅ‡∏Ç‡∏ß‡∏ô) ‡πÑ‡∏õ‡πÄ‡∏£‡∏µ‡∏¢‡∏ô‡∏ó‡∏µ‡πà‡∏ô‡∏¥‡∏î‡πâ‡∏≤ (‡∏ö‡∏≤‡∏á‡∏Å‡∏∞‡∏õ‡∏¥) ‡∏Ñ‡πà‡∏≤‡πÅ‡∏ó‡πá‡∏Å‡∏ã‡∏µ‡πà ‡∏Ç‡∏≤‡∏•‡∏∞ 250 ‡∏ö‡∏≤‡∏ó ‡πÑ‡∏õ-‡∏Å‡∏•‡∏±‡∏ö 500 ‡∏ö‡∏≤‡∏ó ‡πÄ‡∏ß‡∏•‡∏≤‡∏™‡∏≠‡∏á‡πÄ‡∏î‡∏∑‡∏≠‡∏ô ‡∏Ñ‡∏¥‡∏î‡πÄ‡∏õ‡πá‡∏ô‡πÄ‡∏á‡∏¥‡∏ô‡∏Å‡∏µ‡πà‡∏ö‡∏≤‡∏ó ‡πÄ‡∏£‡∏≤‡πÑ‡∏°‡πà‡πÑ‡∏î‡πâ‡∏£‡πâ‡∏≠‡∏á‡∏Ç‡∏≠‡∏Ñ‡∏ß‡∏≤‡∏°‡πÄ‡∏´‡πá‡∏ô‡πÉ‡∏à ‡πÄ‡∏£‡∏≤‡∏≠‡∏¢‡∏≤‡∏Å‡πÄ‡∏•‡πà‡∏≤‡πÉ‡∏´‡πâ‡∏ü‡∏±‡∏á‡∏ñ‡∏∂‡∏á‡πÉ‡∏à‡∏Ñ‡∏ô‡∏ã‡∏∑‡πâ‡∏≠‡∏£‡∏ñ‡∏Ñ‡∏±‡∏ô‡∏•‡∏∞ 1.7 ‡∏•‡πâ‡∏≤‡∏ô ‡πÅ‡∏•‡πâ‡∏ß‡∏ï‡πâ‡∏≠‡∏á‡∏à‡πà‡∏≤‡∏¢‡∏Ñ‡πà‡∏≤‡πÅ‡∏ó‡πá‡∏Å‡∏ã‡∏µ‡πà ‡∏Å‡∏∞‡∏Ñ‡πà‡∏≤‡πÄ‡∏™‡∏µ‡∏¢‡πÄ‡∏ß‡∏•‡∏≤‡πÑ‡∏õ‡∏ã‡πà‡∏≠‡∏°‡∏≠‡∏µ‡∏Å‡∏Ç‡∏ô‡∏≤‡∏î‡∏ô‡∏µ‡πâ ‡πÉ‡∏à‡πÄ‡∏Ç‡∏≤‡πÉ‡∏à‡πÄ‡∏£‡∏≤‡πÄ‡∏ñ‡∏≠‡∏∞ ‡∏Ñ‡∏∏‡∏ì‡πÑ‡∏°‡πà‡πÑ‡∏î‡πâ‡∏≠‡∏¢‡∏π‡πà‡πÉ‡∏ô‡∏à‡∏∏‡∏î‡∏ô‡∏µ‡πâ ‡∏Ñ‡∏∏‡∏ì‡πÑ‡∏°‡πà‡πÄ‡∏Ç‡πâ‡∏≤‡πÉ‡∏à‡∏´‡∏£‡∏≠‡∏Å ‡πÄ‡∏£‡∏≤‡∏û‡∏π‡∏î‡πÄ‡∏•‡∏¢‡∏ß‡πà‡∏≤ ‡∏à‡∏∞‡∏£‡∏±‡∏ö‡∏õ‡∏£‡∏∞‡∏Å‡∏±‡∏ô‡∏≠‡∏µ‡∏Å‡∏Å‡∏µ‡πà‡∏™‡∏¥‡∏ö‡∏õ‡∏µ ‡∏Å‡∏µ‡πà‡πÅ‡∏™‡∏ô‡∏Å‡∏¥‡πÇ‡∏• ‡∏Å‡πá‡πÑ‡∏°‡πà‡∏Ñ‡∏∏‡πâ‡∏° ‡πÄ‡∏£‡∏≤‡∏ã‡∏∑‡πâ‡∏≠‡∏£‡∏ñ‡∏°‡∏≤‡πÄ‡∏û‡∏£‡∏≤‡∏∞‡∏ä‡∏≠‡∏ö ‡πÄ‡∏û‡∏£‡∏≤‡∏∞‡∏≠‡∏¢‡∏≤‡∏Å‡πÉ‡∏ä‡πâ ‡πÅ‡∏ï‡πà‡∏£‡∏ñ‡∏Ñ‡∏∏‡∏ì‡∏°‡∏µ‡∏õ‡∏±‡∏ç‡∏´‡∏≤ ‡∏û‡∏¥‡∏™‡∏π‡∏à‡∏ô‡πå‡πÅ‡∏•‡πâ‡∏ß‡∏ß‡πà‡∏≤ ‡∏°‡∏≤‡∏à‡∏≤‡∏Å‡∏Å‡∏£‡∏∞‡∏ö‡∏ß‡∏ô‡∏Å‡∏≤‡∏£‡∏ú‡∏•‡∏¥‡∏ï ‡∏Ñ‡∏∏‡∏ì‡∏ö‡∏≠‡∏Å‡∏ß‡πà‡∏≤ ‡∏¢‡∏∑‡∏î‡∏õ‡∏£‡∏∞‡∏Å‡∏±‡∏ô‡πÉ‡∏´‡πâ 6 ‡∏õ‡∏µ ‡∏°‡∏±‡∏ô‡∏¢‡∏∑‡∏î‡πÅ‡∏Ñ‡πà‡πÄ‡∏Ñ‡∏£‡∏∑‡πà‡∏≠‡∏á‡∏¢‡∏ô‡∏ï‡πå ‡∏™‡πà‡∏ß‡∏ô‡∏Ç‡∏≠‡∏á‡∏ï‡∏±‡∏ß‡∏ß‡∏±‡∏î‡∏≠‡∏∏‡∏ì‡∏´‡∏†‡∏π‡∏°‡∏¥‡∏ô‡πâ‡∏≥‡∏°‡∏±‡∏ô‡πÄ‡∏Ñ‡∏£‡∏∑‡πà‡∏≠‡∏á ‡∏Ñ‡∏∏‡∏ì‡∏¢‡∏±‡∏á‡∏ö‡∏≠‡∏Å‡∏ß‡πà‡∏≤ ‡πÑ‡∏°‡πà‡∏õ‡∏£‡∏∞‡∏Å‡∏±‡∏ô ‡πÄ‡∏û‡∏£‡∏≤‡∏∞‡∏≠‡∏¢‡∏π‡πà‡∏ô‡∏≠‡∏Å‡πÄ‡∏Ñ‡∏£‡∏∑‡πà‡∏≠‡∏á‡∏¢‡∏ô‡∏ï‡πå ‡∏à‡∏∞‡πÉ‡∏´‡πâ‡πÄ‡∏£‡∏≤‡∏û‡∏π‡∏î‡∏¢‡∏±‡∏á‡πÑ‡∏á ‡∏ï‡∏≠‡∏ô‡∏ô‡∏µ‡πâ‡∏£‡∏ñ‡πÄ‡∏£‡∏≤‡∏Å‡πá‡∏¢‡∏±‡∏á‡∏≠‡∏¢‡∏π‡πà‡πÉ‡∏ô‡∏≠‡∏π‡πà ‡∏õ‡∏µ‡πÉ‡∏´‡∏°‡πà‡πÄ‡∏£‡∏≤‡πÑ‡∏°‡πà‡πÑ‡∏î‡πâ‡πÉ‡∏ä‡πâ‡∏£‡∏ñ ‡πÄ‡∏û‡∏£‡∏≤‡∏∞‡πÑ‡∏ü DPF ‡∏Ç‡∏∂‡πâ‡∏ô ‡∏ó‡∏±‡πâ‡∏á‡πÜ ‡∏ó‡∏µ‡πà‡πÄ‡∏£‡∏≤‡πÄ‡∏û‡∏¥‡πà‡∏á‡∏à‡∏∞‡∏≠‡∏≠‡∏Å‡∏°‡∏≤‡∏à‡∏≤‡∏Å‡∏≠‡∏π‡πà‡∏ß‡∏±‡∏ô‡∏ó‡∏µ‡πà 21 ‡∏ò.‡∏Ñ. ‡∏ï‡∏≠‡∏ô‡πÄ‡∏Ç‡πâ‡∏≤‡πÑ‡∏õ‡∏Å‡πà‡∏≠‡∏ô‡∏õ‡∏µ‡πÉ‡∏´‡∏°‡πà ‡πÑ‡∏ü‡πÄ‡∏ï‡∏∑‡∏≠‡∏ô‡∏Ç‡∏∂‡πâ‡∏ô‡πÄ‡∏Å‡∏∑‡∏≠‡∏ö‡∏ó‡∏±‡πâ‡∏á‡∏´‡∏ô‡πâ‡∏≤‡∏õ‡∏±‡∏ó‡∏°‡πå ‡πÑ‡∏ü‡∏™‡∏≤‡∏°‡πÄ‡∏´‡∏•‡∏µ‡πà‡∏¢‡∏° ‡πÑ‡∏ü‡πÄ‡∏Ñ‡∏£‡∏∑‡πà‡∏≠‡∏á‡∏¢‡∏ô‡∏ï‡πå ‡πÑ‡∏ü‡∏ô‡πâ‡∏≥‡∏°‡∏±‡∏ô‡πÄ‡∏Ñ‡∏£‡∏∑‡πà‡∏≠‡∏á ‡πÄ‡∏Ç‡πâ‡∏≤‡πÑ‡∏õ‡πÄ‡∏ä‡πá‡∏Ñ‡∏°‡∏≤‡πÅ‡∏•‡πâ‡∏ß ‡∏≠‡∏≠‡∏Å‡∏°‡∏≤‡πÑ‡∏°‡πà‡∏ñ‡∏∂‡∏á 10 ‡∏ß‡∏±‡∏ô ‡πÑ‡∏ü‡πÄ‡∏ï‡∏∑‡∏≠‡∏ô‡∏î‡∏ß‡∏á‡πÉ‡∏´‡∏°‡πà‡∏Ç‡∏∂‡πâ‡∏ô‡∏≠‡∏µ‡∏Å ‡∏ô‡∏µ‡πà‡∏°‡∏±‡∏ô‡∏£‡∏ñ‡∏´‡∏£‡∏∑‡∏≠‡∏ï‡πâ‡∏ô‡∏Ñ‡∏£‡∏¥‡∏™‡∏ï‡πå‡∏°‡∏≤‡∏™??!?!?! ‡∏°‡∏±‡∏ô‡∏Å‡πá‡πÄ‡∏ó‡πà‡∏≤‡∏ô‡∏±‡πâ‡∏ô‡∏≠‡πâ‡∏∞ ‡πÄ‡∏£‡∏≤‡∏ã‡∏∑‡πâ‡∏≠‡∏£‡∏ñ‡∏°‡∏≤‡πÅ‡∏•‡πâ‡∏ß ‡πÄ‡∏£‡∏≤‡∏ó‡∏≥‡∏≠‡∏∞‡πÑ‡∏£‡πÑ‡∏î‡πâ?? ‡∏à‡∏∞‡∏ü‡πâ‡∏≠‡∏á‡πÄ‡∏£‡∏≤ 95 ‡∏•‡πâ‡∏≤‡∏ô ‡πÉ‡∏ô‡∏ê‡∏≤‡∏ô‡∏∞‡∏ó‡∏µ‡πà‡πÄ‡∏£‡∏≤‡∏ó‡∏≥‡πÉ‡∏´‡πâ‡πÄ‡∏™‡∏∑‡πà‡∏≠‡∏°‡πÄ‡∏™‡∏µ‡∏¢‡∏ä‡∏∑‡πà‡∏≠‡πÄ‡∏™‡∏µ‡∏¢‡∏á ‡∏ó‡∏≥‡πÉ‡∏´‡πâ‡πÄ‡∏ß‡∏µ‡∏¢‡πÇ‡∏≠‡∏Å‡∏≤‡∏™‡πÉ‡∏ô‡∏Å‡∏≤‡∏£‡∏Ç‡∏≤‡∏¢‡∏Å‡πá‡πÑ‡∏î‡πâ‡∏´‡∏£‡∏≠ ‡πÄ‡∏£‡∏≤‡∏ä‡∏≠‡∏ö‡∏£‡∏ñ mazda ‡∏°‡∏≤‡∏Å ‡πÄ‡∏£‡∏≤‡∏ã‡∏∑‡πâ‡∏≠‡πÄ‡∏û‡∏£‡∏≤‡∏∞‡πÄ‡∏£‡∏≤‡∏°‡∏±‡πà‡∏ô‡πÉ‡∏à ‡πÄ‡∏£‡∏≤‡∏£‡∏±‡∏Å‡∏™‡∏°‡∏£‡∏£‡∏ñ‡∏ô‡∏∞‡∏Ç‡∏≠‡∏á‡∏£‡∏ñ‡∏Ñ‡∏±‡∏ô‡∏ô‡∏µ‡πâ ‡πÅ‡∏ï‡πà‡πÄ‡∏£‡∏≤‡∏ã‡πà‡∏≠‡∏°‡πÑ‡∏°‡πà‡πÑ‡∏´‡∏ß‡∏≠‡πâ‡∏∞ #‡πÄ‡∏Ç‡πâ‡∏≤‡πÉ‡∏à‡πÄ‡∏£‡∏≤‡∏î‡πâ‡∏ß‡∏¢‡πÄ‡∏ñ‡∏≠‡∏∞","negative 
",1.2468788623809814
‡πÅ‡∏°‡πà‡∏´‡∏ç‡∏¥‡∏á‡πÉ‡∏ä‡πâ ‡∏≠‡∏≤‡∏¢‡πÑ‡∏•‡πÄ‡∏ô‡∏≠‡∏£‡πå ‡∏°‡∏¥‡∏™‡∏ó‡∏µ‡∏ô ‡∏£‡∏∏‡πà‡∏ô ‡∏ã‡∏∏‡∏õ‡πÄ‡∏õ‡∏≠‡∏£‡πå‡πÅ‡∏ö‡∏•‡πá‡∏Ñ ‡∏ü‡∏¥‡∏Ñ‡∏ã‡πå‡∏≠‡∏≤‡∏¢‡πÑ‡∏•‡πÄ‡∏ô‡∏≠‡∏£‡πå ‡∏Ç‡πâ‡∏≤‡∏≠‡∏¢‡∏≤‡∏Å‡πÉ‡∏ä‡πâ‡πÄ‡∏û‡∏£‡∏≤‡∏∞ ‡πÄ‡∏™‡πâ‡∏ô‡∏Ñ‡∏° ‡∏î‡∏≥‡∏™‡∏ô‡∏¥‡∏ó ‡∏ï‡∏¥‡∏î‡∏ó‡∏ô‡∏ô‡∏≤‡∏ô ‡πÉ‡∏´‡πâ‡∏î‡∏ß‡∏á‡∏ï‡∏≤‡∏™‡∏ß‡∏¢‡πÄ‡∏â‡∏µ‡∏¢‡∏ö‡∏Ñ‡∏°‡∏°‡∏µ‡πÄ‡∏™‡∏ô‡πà‡∏´‡πå ‡πÅ‡∏•‡∏∞‡∏°‡∏¥‡∏™‡∏ó‡∏µ‡∏ô‡∏Ç‡∏≠‡∏á‡∏≠‡∏≠‡πÄ‡∏à‡πâ‡∏≤ ‡πÑ‡∏°‡πà‡πÄ‡∏Ñ‡∏¢‡∏ó‡∏≥‡πÉ‡∏´‡πâ‡∏Ç‡πâ‡∏≤‡∏ú‡∏¥‡∏î‡∏´‡∏ß‡∏±‡∏á,"positive 
",0.6847231388092041
‡∏ß‡πâ‡∏≤‡∏ß‡∏ß‡∏ß ‡∏ä‡∏µ‡∏™‡∏¢‡∏∑‡∏î ‡∏¢‡∏∑‡∏î‡∏î‡∏î‡∏î‡∏î‡∏î‡∏î‡∏î ^^,"positive 
",0.6096160411834717
‡πÑ‡∏°‡πà‡∏£‡∏∏‡πâ‡∏ô‡∏¥ ‡∏°‡∏µ‡∏´‡∏•‡∏≤‡∏¢‡∏ô‡πâ‡∏≥‡πÄ‡∏Å‡∏¥‡∏ô ‡∏Å‡∏¥‡∏ô‡πÑ‡∏°‡πà‡∏´‡∏°‡∏î5555,"negative 
",0.6667726039886475
‡∏à-‡∏®‡∏≠‡∏∞,"neutral 
",0.5824387073516846
‡∏ô‡∏µ‡πà‡∏°‡∏±‡∏ô‡∏Ñ‡∏ô‡∏•‡∏∞‡∏´‡∏£‡∏∑‡∏≠‡∏ß‡πà‡∏≤‡πÑ‡∏á,"negative 
",0.6680521965026855
‡πÉ‡∏ä‡πâ‡∏°‡∏≤20‡∏Å‡∏ß‡πà‡∏≤‡∏õ‡∏µCRV‡πÄ‡∏ó‡πà‡∏≤‡∏≠‡∏≤‡∏¢‡∏∏‡∏•‡∏π‡∏Å‡∏™‡∏≤‡∏ß‡∏Ñ‡∏ô‡πÇ‡∏ï‡πÑ‡∏°‡πà‡πÄ‡∏õ‡∏•‡∏µ‡πà‡∏¢‡∏ô‡πÄ‡∏û‡∏£‡∏≤‡∏∞‡πÄ‡∏®‡∏£‡∏©‡∏ê‡∏Å‡∏¥‡∏à‡∏ï‡∏Å‡∏™‡∏∞‡πÄ‡∏Å‡πá‡∏î ‡∏Ç‡∏≤‡∏î‡∏ó‡∏∏‡∏ô‡∏ó‡∏≤‡∏á‡∏Å‡∏≤‡∏£‡∏Ñ‡πâ‡∏≤‡πÉ‡∏ä‡πâ‡∏î‡∏µ‡∏ï‡∏•‡∏≠‡∏î‡πÑ‡∏°‡πà‡∏£‡∏ß‡∏ô‡πÉ‡∏´‡πâ‡πÄ‡∏™‡∏µ‡∏¢‡πÉ‡∏à‡∏¢‡∏±‡∏á‡∏£‡∏±‡∏Å‡∏≠‡∏¢‡∏π‡πà‡πÄ‡∏´‡∏°‡∏∑‡∏≠‡∏ô‡πÄ‡∏î‡∏¥‡∏°‡∏≠‡∏¢‡∏≤‡∏Å‡∏û‡∏≤‡∏™‡∏≤‡∏°‡∏µ‡πÑ‡∏õ‡∏î‡∏π #‡∏Æ‡∏≠‡∏ô‡∏î‡πâ‡∏≤‡∏ó‡∏µ‡πà‡∏£‡∏±‡∏Å #EnjoyHonda Thailand,"positive 
",0.6445310115814209
‡∏ï‡∏≠‡∏ô‡∏ô‡∏µ‡πâ ‡∏£‡∏±‡∏ê‡∏Å‡∏≥‡∏•‡∏±‡∏á ‡∏ä‡πà‡∏ß‡∏¢‡πÇ‡∏£‡∏á‡∏á‡∏≤‡∏ô‡∏¢‡∏™‡∏π‡∏ö ‡∏Ñ‡∏±‡∏ö ‡πÄ‡∏•‡∏¢ ‡∏à‡∏±‡∏ö‡πÉ‡∏´‡πâ‡∏´‡∏±‡∏ô‡∏°‡∏≤‡∏™‡∏π‡∏ö ‡∏¢‡∏≤ ‡πÅ‡∏ö‡∏ö‡πÄ‡∏î‡∏¥‡∏° ‡∏ú‡∏° ‡∏Å‡πá‡πÑ‡∏°‡πà‡∏Å‡∏•‡πâ‡∏≤‡∏û‡∏Å‡πÑ‡∏õ‡πÑ‡∏´‡∏ô ‡πÑ‡∏Å‡∏• ‡πÄ‡∏´‡∏°‡∏∑‡∏≠‡∏ô‡πÄ‡∏Ñ‡πâ‡∏≤‡∏Å‡∏≥‡∏•‡∏±‡∏á‡πÄ‡∏Ç‡πâ‡∏°‡πÄ‡∏•‡∏¢ ‡πÄ‡∏ß‡∏•‡∏≤‡πÑ‡∏õ‡πÄ‡∏ó‡∏µ‡πà‡∏¢‡∏ß ‡∏£‡∏¥‡∏°‡∏ó‡∏∞‡πÄ‡∏• ‡∏¢‡∏±‡∏á‡πÉ‡∏á‡∏°‡∏±‡∏ô‡∏Å‡πá ‡πÅ‡∏û‡πâ‡∏™‡∏π‡∏ö‡∏¢‡∏≤‡πÑ‡∏ü‡∏ü‡πâ‡∏≤ ‡∏°‡∏±‡∏ô‡∏ü‡∏¥‡∏ô‡∏Å‡∏ß‡πà‡∏≤ ‡πÄ‡∏¢‡∏≠‡∏∞,"negative 
",0.7095358371734619
‡∏´‡∏•‡∏±‡∏á‡∏à‡∏≤‡∏Å‡πÄ‡∏à‡∏≠‡∏Ñ‡∏ô‡∏ó‡∏µ‡πà‡πÑ‡∏°‡πà‡∏ä‡∏≠‡∏ö‡∏Ç‡∏µ‡πâ‡∏´‡∏ô‡πâ‡∏≤‡πÉ‡∏ô‡∏ä‡πá‡∏≠‡∏õ innisfree ‡∏ó‡∏∏‡∏Å‡∏Ñ‡∏£‡∏±‡πâ‡∏á‡∏´‡∏•‡∏±‡∏á‡∏à‡∏≤‡∏Å‡∏ô‡∏±‡πâ‡∏ô‡πÄ‡∏ß‡∏•‡∏≤‡πÄ‡∏î‡∏¥‡∏ô‡∏ú‡πà‡∏≤‡∏ô‡πÅ‡∏•‡πâ‡∏ß‡∏°‡∏≠‡∏á‡πÄ‡∏Ç‡πâ‡∏≤‡πÑ‡∏õ‡∏Ñ‡∏∑‡∏≠‡∏´‡∏•‡∏≠‡∏ô‡πÅ‡∏•‡πâ‡∏ß‡πÑ‡∏°‡πà‡∏ä‡∏≠‡∏ö‡∏ï‡∏•‡∏≠‡∏î,"negative 
",0.6702542304992676
‡∏ï‡∏Å‡πÉ‡∏à‡∏Å‡∏±‡∏ö MG ZS ‡∏à‡∏£‡∏¥‡∏°‡πÜ ‡∏¢‡∏≠‡∏°‡∏£‡∏±‡∏ö‡∏ß‡πà‡∏≤‡∏°‡∏∂‡∏á‡∏Ç‡∏≤‡∏¢‡∏£‡∏ñ‡πÄ‡∏Å‡πà‡∏á‡∏°‡∏≤‡∏Å,"negative 
",0.6614153385162354
‡πÑ‡∏°‡πà‡∏Å‡∏¥‡∏ô‡∏Ñ‡∏∑‡∏≠‡πÑ‡∏°‡πà‡∏Å‡∏¥‡∏ô‡∏à‡∏£‡∏¥‡∏á‡πÜ‡∏≠‡πà‡∏∞ ‡πÑ‡∏°‡πà‡πÑ‡∏î‡πâ‡πÅ‡∏≠‡πä‡∏ö ‡πÄ‡∏Ñ‡∏¢‡∏•‡∏≠‡∏á‡∏Å‡∏¥‡∏ô‡πÅ‡∏•‡πâ‡∏ß‡∏°‡∏∂‡∏ô‡∏°‡∏≤‡∏Å‡∏õ‡∏ß‡∏î‡∏´‡∏±‡∏ß‡∏°‡∏≤‡∏Å ‡∏Ç‡∏°‡πÄ‡∏´‡∏°‡πá‡∏ô ‡πÄ‡∏≠‡∏≤‡∏á‡πà‡∏≤‡∏¢‡πÜ‡πÅ‡∏Ñ‡πà‡∏™‡∏õ‡∏≤‡∏¢‡∏Å‡πá‡πÄ‡∏°‡∏≤‡∏≠‡πà‡∏∞ ‡πÄ‡∏•‡∏¢‡πÑ‡∏°‡πà‡∏Å‡∏¥‡∏ô‡πÅ‡∏°‡πà‡∏á ‡∏´‡∏±‡∏ô‡∏°‡∏≤‡∏Å‡∏¥‡∏ô‡∏ô‡πâ‡∏≥‡∏≠‡∏±‡∏î‡∏•‡∏°‡∏≠‡∏¢‡πà‡∏≤‡∏á‡∏à‡∏£‡∏¥‡∏á‡∏à‡∏±‡∏á‡πÅ‡∏ó‡∏ô 5555,"negative 
",0.5969557762145996
‡πÅ‡∏≠‡∏î‡∏°‡∏¥‡∏ô‡∏Ñ‡πà‡∏∞ ‡∏£‡∏ö‡∏Å‡∏ß‡∏ô‡∏™‡∏≠‡∏ö‡∏ñ‡∏≤‡∏°‡∏≠‡∏µ‡∏Å‡∏ó‡∏µ‡∏ô‡∏∞‡∏Ñ‡∏∞ ‡πÄ‡∏ô‡∏∑‡πâ‡∏≠‡πÄ‡∏õ‡∏∑‡πà‡∏≠‡∏¢‡∏ô‡∏µ‡πâ‡∏ó‡∏≤‡∏á‡∏™‡∏≤‡∏Ç‡∏≤‡∏ó‡∏µ‡πà‡πÉ‡∏´‡πâ‡∏°‡∏≤‡∏ß‡∏±‡∏ô‡∏ô‡∏µ‡πâ‡∏ô‡πà‡∏≤‡∏à‡∏∞‡πÄ‡∏õ‡πá‡∏ô‡∏ä‡∏∏‡∏î‡πÉ‡∏´‡∏ç‡πà210‡∏ô‡∏∞‡∏Ñ‡∏∞ ‡πÅ‡∏ï‡πà‡∏Ç‡∏≠‡∏á‡πÄ‡∏°‡∏∑‡πà‡∏≠‡∏ß‡∏≤‡∏ô‡πÑ‡∏î‡πâ‡∏ä‡∏∏‡∏î‡πÄ‡∏•‡πá‡∏Å110‡∏°‡∏≤‡πÅ‡∏•‡πâ‡∏ß‡∏Ñ‡πà‡∏∞ ‡πÅ‡∏•‡πâ‡∏ß‡∏≠‡∏¢‡πà‡∏≤‡∏á‡∏ô‡∏µ‡πâ ‡∏ô‡πâ‡∏≠‡∏ß ‡∏û‡∏ô‡∏á.‡∏à‡∏∞‡πÇ‡∏î‡∏ô‡∏ó‡∏≤‡∏á‡∏™‡∏≤‡∏Ç‡∏≤‡∏´‡∏±‡∏Å‡πÄ‡∏á‡∏¥‡∏ô‡πÑ‡∏´‡∏°‡∏Ñ‡πà‡∏∞ ‡πÄ‡∏ó‡πà‡∏≤‡∏Å‡∏±‡∏ö‡∏ß‡πà‡∏≤‡∏•‡∏π‡∏î‡∏Ñ‡πâ‡∏≤‡πÑ‡∏î‡πâ‡∏™‡πà‡∏ß‡∏£‡πÄ‡∏Å‡∏¥‡∏ô‡∏°‡∏≤‡∏ä‡∏∏‡∏î‡πÄ‡∏•‡πá‡∏Å 1‡∏ä‡∏∏‡∏î ‡∏Ñ‡πà‡∏∞ ‡πÄ‡∏´‡πá‡∏ô‡πÉ‡∏à‡∏ô‡πâ‡∏≠‡∏á ‡∏û‡∏ô‡∏á.‡∏Ñ‡πà‡∏∞,"negative 
",0.6209573745727539
Mazda 3 ‡∏≠‡∏≤‡∏à‡πÄ‡∏õ‡∏¥‡∏î‡∏ï‡∏±‡∏ß ‡∏õ‡∏µ 2019 ‡∏ä‡πà‡∏ß‡∏á‡πÄ‡∏î‡∏∑‡∏≠‡∏ô‡∏°‡∏µ‡∏ô‡∏≤‡∏Ñ‡∏° #Mazda3,"neutral 
",0.5851280689239502
‡∏£‡∏±‡∏Å‡∏Å‡∏±‡∏ô‡∏à‡∏£‡∏¥‡∏á‡∏ï‡πâ‡∏≠‡∏á‡∏ú‡πà‡∏≤‡∏ô‡∏Ñ‡∏ß‡∏≤‡∏°‡∏•‡∏≥‡∏ö‡∏≤‡∏Å‡πÑ‡∏õ‡∏î‡πâ‡∏ß‡∏¢‡∏Å‡∏±‡∏ô #‡∏ä‡πâ‡∏≤‡∏á‡πÄ‡∏ï‡∏¥‡∏°‡πÄ‡∏ï‡πá‡∏°‡∏Ñ‡∏≥‡∏ß‡πà‡∏≤‡πÄ‡∏û‡∏∑‡πà‡∏≠‡∏ô,"positive 
",0.5983099937438965
‡∏ä‡∏≤‡πÄ‡∏¢‡πá‡∏ô‡∏ò‡∏£‡∏£‡∏°‡∏î‡∏≤‡πÇ‡∏•‡∏Å‡πÑ‡∏°‡πà‡∏à‡∏≥ ‡∏ä‡∏≠‡∏ö‡∏•‡∏≠‡∏á‡∏Ç‡∏≠‡∏á‡πÉ‡∏´‡∏°‡πà ‡πÄ‡∏´‡πá‡∏ô #AllCafe ‡∏≠‡∏≠‡∏Å‡πÄ‡∏Ñ‡∏£‡∏∑‡πà‡∏≠‡∏á‡∏î‡∏∑‡πà‡∏°‡πÉ‡∏´‡∏°‡πà‡πÄ‡∏õ‡πá‡∏ô‡∏ä‡∏≤‡∏ä‡∏µ‡∏™ ‡πÅ‡∏ï‡πà‡∏Å‡∏î‡∏ä‡∏≤‡πÄ‡∏¢‡πá‡∏ô‡∏°‡∏≤‡∏Å‡∏•‡∏∞‡∏≠‡πà‡∏∞5555 ‡πÄ‡∏•‡∏¢‡∏ñ‡∏≤‡∏°‡∏û‡∏µ‡πà‡∏û‡∏ô‡∏±‡∏Å‡∏á‡∏≤‡∏ô‡∏ß‡πà‡∏≤‡πÄ‡∏û‡∏¥‡πà‡∏°‡πÄ‡∏û‡∏¥‡πà‡∏°‡∏ä‡∏µ‡∏™‡∏≠‡∏¢‡πà‡∏≤‡∏á‡πÄ‡∏î‡∏µ‡∏¢‡∏ß‡πÑ‡∏î‡πâ‡πÑ‡∏´‡∏°‡∏û‡∏µ‡πà‡πÄ‡∏Ñ‡πâ‡∏≤‡∏ö‡∏≠‡∏Å‡∏ß‡πà‡∏≤‡πÑ‡∏î‡πâ ‡πÄ‡∏û‡∏¥‡πà‡∏°‡πÄ‡∏á‡∏¥‡∏ô‡πÅ‡∏Ñ‡πà 15‡∏ø ‡∏à‡∏±‡∏î‡πÑ‡∏õ‡∏™‡∏¥‡∏Ñ‡πà‡∏∞‡∏à‡∏∞‡∏£‡∏≠‡∏≠‡∏∞‡πÑ‡∏£üòÇ ‡∏£‡∏™‡∏ä‡∏≤‡∏ï‡∏¥‡∏ä‡∏µ‡∏™‡∏Ñ‡∏∑‡∏≠‡πÄ‡∏Ç‡πâ‡∏°‡∏°‡∏≤‡∏Å ‡∏°‡∏±‡∏ô‡πÜ ‡πÑ‡∏°‡πà‡πÄ‡∏•‡∏µ‡πà‡∏¢‡∏ô ‡∏≠‡∏£‡πà‡∏≠‡∏¢‡∏°‡∏≤‡∏Å‡πÑ‡∏≠‡πÄ‡∏•‡∏¥‡∏ü‡∏ü,"positive 
",0.6341869831085205
Smirnoff‡∏ô‡∏µ‡πà‡πÄ‡∏≠‡∏á,"neutral 
",0.6537806987762451
‡πÑ‡∏õ‡∏Å‡∏±‡∏ôüòÇüòÇ ‡∏´‡∏±‡∏ß‡πÄ‡∏ó‡πà‡∏≤‡πÑ‡∏£‡∏ß‡πà‡∏∞,"negative 
",0.6152858734130859
‡∏ï‡πâ‡∏°‡∏°‡∏≤‡∏°‡πà‡∏≤‡∏ï‡πâ‡∏°‡∏¢‡∏≥‡πÑ‡∏õ‡∏Å‡πà‡∏≠‡∏ô,"neutral 
",0.6169159412384033
‡πÄ‡∏£‡∏≤‡∏à‡∏∞‡∏ï‡πâ‡∏≠‡∏á‡∏°‡∏≤‡∏ó‡∏£‡∏°‡∏≤‡∏ô‡∏Å‡∏±‡∏ö‡∏≠‡∏≤‡∏Å‡∏≤‡∏£‡∏ú‡πâ‡∏≤‡∏≠‡∏ô‡∏≤‡∏°‡∏±‡∏¢‡∏ö‡∏≤‡∏î‡πÉ‡∏ô‡∏ó‡∏∏‡∏Å‡πÜ‡πÄ‡∏î‡∏∑‡∏≠‡∏ô‡πÄ‡∏•‡∏¢‡∏´‡∏£‡∏≠‡∏ß‡∏∞ ‡∏Æ‡∏∑‡∏≠‡∏≠‡∏≠‡∏≠‡∏≠‡∏≠ ‡πÅ‡∏î‡∏á‡∏´‡∏°‡∏î‡πÅ‡∏•‡πâ‡∏ß‡πÄ‡∏î‡πâ‡∏≠,"negative 
",0.7122194766998291
"‡∏ñ‡∏∂‡∏á‡∏Å‡∏±‡∏ö‡∏ï‡πâ‡∏≠‡∏á‡πÄ‡∏£‡∏µ‡∏¢‡∏Å‡∏ô‡πâ‡∏≠‡∏á‡∏û‡∏ô‡∏±‡∏Å‡∏á‡∏≤‡∏ô‡∏ñ‡∏≤‡∏°‡∏ß‡πà‡∏≤ ""‡∏ô‡πâ‡∏≠‡∏á‡∏ß‡πà‡∏≤ .. ‡∏´‡∏°‡∏π‡∏ö‡∏≤‡∏á‡πÑ‡∏õ‡∏°‡∏±‡πâ‡∏¢‡∏Ñ‡∏∞"" üòê","negative 
",0.6350905895233154
‡∏î‡∏∑‡πà‡∏°‡∏ä‡πâ‡∏≤‡∏á25‡∏Å‡∏£‡∏∞‡∏õ‡πã‡∏≠‡∏á???,"neutral 
",0.6574079990386963
‡∏à‡∏∞‡∏´‡∏≤‡∏Ñ‡∏£‡∏µ‡∏°‡∏Å‡∏±‡∏ô‡πÅ‡∏î‡∏î‡πÄ‡∏ô‡∏∑‡πâ‡∏≠‡πÄ‡∏´‡∏•‡∏ß ‡πÜ ‡πÑ‡∏°‡πà‡∏´‡∏ô‡∏∂‡∏ö‡∏™‡∏≥‡∏´‡∏£‡∏±‡∏ö‡πÄ‡∏î‡πá‡∏Å‡∏Ç‡∏≠‡∏á‡∏Å‡∏≤‡∏£‡πå‡∏ô‡∏¥‡πÄ‡∏¢‡πà‡∏ó‡∏µ‡πà‡πÑ‡∏ó‡∏¢‡πÑ‡∏î‡πâ‡πÑ‡∏´‡∏°‡∏ô‡∏∞ ‡∏ä‡∏≠‡∏ö‡∏°‡∏≤‡∏Å,"positive 
",0.6287422180175781
‡∏ö‡∏≤‡∏£‡πå‡∏ö‡∏µ‡∏Ñ‡∏¥‡∏ß‡∏û‡∏•‡∏≤‡∏ã‡πà‡∏≤ ‡πÅ‡∏ñ‡∏•‡∏á‡∏†‡∏≤‡∏û‡πÄ‡∏ô‡∏∑‡πâ‡∏≠‡∏ú‡∏¥‡∏î‡∏õ‡∏Å‡∏ï‡∏¥‡πÑ‡∏°‡πà‡πÉ‡∏ä‡πà‡∏û‡∏¢‡∏≤‡∏ò‡∏¥,"neutral 
",0.6152446269989014
‡πÑ‡∏î‡πâ‡∏£‡∏±‡∏ö‡∏Ç‡∏≠‡∏á‡πÅ‡∏•‡πâ‡∏ß‡∏Ñ‡∏∞,"positive 
",0.5917847156524658
‡∏≠‡∏¢‡∏≤‡∏Å‡∏£‡πâ‡∏≠‡∏á‡πÄ‡∏û‡∏•‡∏á This is Love #LEO‡∏£‡∏ß‡∏°‡∏Å‡∏±‡∏ô‡∏°‡∏±‡∏ô‡∏™‡πå‡∏Å‡∏ß‡πà‡∏≤,"positive 
",0.6081652641296387
‡πÇ‡∏°‡πÄ‡∏î‡∏•‡∏Ç‡∏≠‡∏á‡πÅ‡∏≠‡∏Ñ‡∏Ñ‡∏≠‡∏£‡πå‡∏î‡∏Ç‡∏ô‡∏≤‡∏î‡∏õ‡∏£‡∏∞‡∏°‡∏≤‡∏ì 1‡∏ï‡πà‡∏≠4 ‡∏Ñ‡∏£‡∏±‡∏ö,"neutral 
",0.6333386898040771
‡∏ä‡πâ‡∏≤‡∏á ‡πÅ‡∏Å‡πâ‡∏ß‡πÉ‡∏´‡∏ç‡πà ‡∏ô‡πâ‡∏≥‡πÅ‡∏Ç‡πá‡∏á‡∏ô‡πâ‡∏≠‡∏¢ ‡∏Å‡∏¥‡∏ô‡∏ô‡∏µ‡πà‡∏Æ‡πà‡∏∞555,"positive 
",0.658728837966919
‡∏ü‡∏±‡∏á‡∏Ñ‡∏∏‡∏ì‡∏à‡∏¥‡∏°‡∏°‡∏µ‡πà‡∏û‡∏π‡∏î‡πÅ‡∏•‡πâ‡∏ß‡∏≠‡∏î‡∏Ñ‡∏¥‡∏î‡∏∏ ‡∏ñ‡∏∂‡∏á‡πÄ‡∏®‡∏£‡∏©‡∏ê‡∏µ ‡πÅ‡∏™‡∏ô‡∏•‡πâ‡∏≤‡∏ô‡∏´‡∏°‡∏∑‡πà‡∏ô‡∏•‡πâ‡∏≤‡∏ô ‡πÉ‡∏ô‡πÄ‡∏°‡∏∑‡∏≠‡∏á‡πÑ‡∏ó‡∏¢ ‡∏ñ‡πâ‡∏≤‡∏°‡∏µ‡∏à‡∏¥‡∏ï‡πÉ‡∏à ‡πÅ‡∏ö‡∏ö‡∏Ñ‡∏∏‡∏ì‡∏à‡∏¥‡∏°‡∏°‡∏µ‡πà ‡∏ö‡∏£‡∏¥‡∏à‡∏≤‡∏Ñ‡∏Ñ‡∏ô‡∏•‡∏∞ 100 ‡∏•‡πâ‡∏≤‡∏ô ‡πÑ‡∏°‡πà‡∏ï‡πâ‡∏≠‡∏á‡∏•‡∏≥‡∏ö‡∏≤‡∏Å ‡πÅ‡∏ö‡∏ö‡∏Ñ‡∏∏‡∏ì‡∏ï‡∏π‡∏ô ‡∏Å‡πá‡πÑ‡∏î‡πâ ‡πÄ‡∏®‡∏£‡∏©‡∏ê‡∏µ ‡πÄ‡∏ä‡πà‡∏ô CP ‡πÄ‡∏ö‡∏µ‡∏¢‡∏£‡πå‡∏ä‡πâ‡∏≤‡∏á ‡∏Å‡∏£‡∏∞‡∏ó‡∏¥‡∏á‡πÅ‡∏î‡∏á ‡πÄ‡∏ö‡∏µ‡∏¢‡∏£‡πå‡∏™‡∏¥‡∏á‡∏´‡πå ‡πÅ‡∏•‡∏∞‡∏≠‡∏µ‡∏Å‡∏´‡∏•‡∏≤‡∏¢‡πÜ‡∏¢‡∏µ‡πà‡∏´‡πâ‡∏≠ ‡∏ã‡∏∂‡πà‡∏á‡∏°‡∏µ‡∏Å‡∏≥‡πÑ‡∏£‡∏à‡∏≤‡∏Å‡∏Ñ‡∏ô‡πÑ‡∏ó‡∏¢ ‡πÄ‡∏õ‡πá‡∏ô‡πÄ‡∏®‡∏£‡∏©‡∏ê‡∏µ‡πÅ‡∏™‡∏ô‡∏•‡πâ‡∏≤‡∏ô ‡∏´‡∏°‡∏∑‡πà‡∏ô‡∏•‡πâ‡∏≤‡∏ô ‡∏ô‡πà‡∏≤‡∏à‡∏∞‡∏ö‡∏£‡∏¥‡∏à‡∏≤‡∏Ñ‡πÑ‡∏î‡πâ‡∏ô‡∏∞ ‡πÅ‡∏Ñ‡πà‡∏£‡πâ‡∏≠‡∏¢‡∏•‡πâ‡∏≤‡∏ô‡∏°‡∏±‡∏ô‡∏ô‡∏¥‡∏î‡πÄ‡∏î‡∏µ‡∏¢‡∏ß‡πÄ‡∏≠‡∏á,"negative 
",0.707831621170044
‡πÄ‡∏õ‡∏¥‡∏î‡∏≠‡πá‡∏≠‡∏û‡∏ä‡∏±‡πà‡∏ô Suzuki Swift 2018 ‡∏ó‡∏±‡πâ‡∏á 4 ‡∏£‡∏∏‡πà‡∏ô‡∏¢‡πà‡∏≠‡∏¢ ‡∏£‡∏∏‡πà‡∏ô‡πÑ‡∏´‡∏ô‡∏Ñ‡∏∏‡πâ‡∏°‡∏Å‡∏ß‡πà‡∏≤‡∏Å‡∏±‡∏ô?,"question 
",0.5930941104888916
‡∏ö‡∏±‡∏ï‡∏£‡πÑ‡∏°‡πà‡∏°‡∏µ‡∏Å‡∏≤‡∏£‡∏à‡∏≥‡∏´‡∏ô‡πà‡∏≤‡∏¢‡∏ô‡πà‡∏∞‡∏Ñ‡πà‡∏∞ ‡πÉ‡∏´‡πâ‡∏•‡∏π‡∏Å‡∏Ñ‡πâ‡∏≤‡∏ó‡∏µ‡πà‡∏≠‡∏¢‡∏≤‡∏Å‡πÑ‡∏î‡πâ‡∏ö‡∏±‡∏ï‡∏£ ‡πÑ‡∏õ‡∏ô‡∏±‡πà‡∏á‡∏£‡πâ‡∏≤‡∏ô‡∏≠‡∏≤‡∏´‡∏≤‡∏£‡πÅ‡∏•‡πâ‡∏ß‡∏™‡∏±‡πà‡∏á‡πÄ‡∏ö‡∏µ‡∏¢‡∏£‡πå‡∏ä‡πâ‡∏≤‡∏á‡∏î‡∏∑‡πà‡∏°‡∏ï‡∏≤‡∏°‡πÇ‡∏õ‡∏£‡πÇ‡∏°‡∏ä‡∏±‡πà‡∏ô ‡πÅ‡∏Ñ‡πà‡∏ô‡∏µ‡πâ‡∏Å‡πá‡πÑ‡∏î‡πâ‡∏£‡∏±‡∏ö‡∏ö‡∏±‡∏ï‡∏£‡πÅ‡∏•‡πâ‡∏ß‡∏à‡πâ‡∏≤,"negative 
",0.641704797744751
C-HR ‡πÄ‡∏õ‡πá‡∏ô Toyota ‡∏£‡∏∏‡πà‡∏ô‡πÅ‡∏£‡∏Å‡∏Ç‡∏≠‡∏á‡πÑ‡∏ó‡∏¢‡∏ó‡∏µ‡πà‡πÉ‡∏ä‡πâ‡πÅ‡∏û‡∏•‡∏ï‡∏ü‡∏≠‡∏£‡πå‡∏° TNGA ‡∏ã‡∏∂‡πà‡∏á‡πÄ‡∏õ‡πá‡∏ô‡πÅ‡∏û‡∏•‡∏ï‡∏ü‡∏≠‡∏£‡πå‡∏°‡πÄ‡∏î‡∏µ‡∏¢‡∏ß‡∏Å‡∏±‡∏ö Prius ‡πÄ‡∏à‡∏ô‡∏•‡πà‡∏≤‡∏™‡∏∏‡∏î‡∏Ñ‡∏£‡∏±‡∏ö Yaris ‡∏ï‡∏±‡∏ß‡∏õ‡∏±‡∏à‡∏à‡∏∏‡∏ö‡∏±‡∏ô‡∏ô‡∏µ‡πà‡∏¢‡∏±‡∏á‡πÑ‡∏°‡πà‡πÉ‡∏ä‡πà TNGA ‡∏ô‡∏∞‡∏Ñ‡∏£‡∏±‡∏ö ‡∏ô‡∏≠‡∏Å‡∏à‡∏≤‡∏Å‡∏ô‡∏±‡πâ‡∏ô TNGA ‡∏¢‡∏±‡∏á‡πÉ‡∏ä‡πâ‡∏Å‡∏±‡∏ö Camry ‡πÇ‡∏â‡∏°‡∏•‡πà‡∏≤‡∏™‡∏∏‡∏î ‡πÅ‡∏•‡∏∞‡πÉ‡∏ô‡∏≠‡∏ô‡∏≤‡∏Ñ‡∏ï‡∏Å‡πá‡∏à‡∏∞‡πÉ‡∏ä‡πâ‡∏Å‡∏±‡∏ö Altis ‡∏î‡πâ‡∏ß‡∏¢‡∏Ñ‡∏£‡∏±‡∏ö,"neutral 
",0.6076381206512451
‡∏•‡∏≠‡∏á‡πÑ‡∏õ‡πÅ‡∏•‡πâ‡∏ß1‡∏Ç‡∏ß‡∏î‡∏ô‡∏≠‡∏ô‡∏ï‡∏≤‡∏¢‡∏ó‡∏±‡πâ‡∏á‡∏ß‡∏±‡∏ô. #‡∏õ‡∏ß‡∏î‡∏´‡∏±‡∏ß‡∏°‡∏≤‡∏Å,"negative 
",0.6703395843505859
‡∏ó‡∏≥‡πÑ‡∏°‡∏ï‡πâ‡∏≠‡∏á‡∏£‡∏µ‡∏™‡πÄ‡∏°‡∏≠‡∏ô‡∏≠‡∏ü‡∏°‡∏≤‡πÉ‡∏´‡πâ‡∏Å‡∏π‡πÄ‡∏´‡πá‡∏ô ‡πÅ‡∏ñ‡∏ß‡∏ö‡πâ‡∏≤‡∏ô‡∏Å‡∏π‡πÑ‡∏°‡πà‡∏°‡∏µ‡πÑ‡∏á ‡∏≠‡∏¢‡πà‡∏≤‡∏á‡∏°‡∏≤‡∏Å‡∏Å‡πá‡∏•‡∏µ‡πÇ‡∏≠ ‡∏Æ‡∏£‡∏∏‡∏Å,"negative 
",0.662355899810791
‡∏õ‡∏∞‡∏∞ ‡∏ô‡∏±‡∏ö‡∏™‡∏µ‡πà‡πÄ‡∏£‡πâ‡∏ß‡∏ß,"positive 
",0.6176612377166748
‚Äú‡∏ü‡∏≠‡∏£‡πå‡∏î‚Äù ‡πÄ‡∏ú‡∏¢‡∏Ç‡∏≤‡∏¢ ‚Äú‡πÄ‡∏£‡∏ô‡πÄ‡∏à‡∏≠‡∏£‡πå-‡πÄ‡∏≠‡πÄ‡∏ß‡∏≠‡πÄ‡∏£‡∏™‡∏ï‡πå‚Äù ‡πÑ‡∏ï‡∏£‡∏°‡∏≤‡∏™‡πÄ‡πÄ‡∏£‡∏Å‡∏¢‡∏≠‡∏î‡∏û‡∏∏‡πà‡∏á #‡∏ü‡∏≠‡∏£‡πå‡∏î #‡∏£‡∏ñ‡∏¢‡∏ô‡∏ï‡πå #prachachat,"positive 
",0.6584398746490479
‡πÇ‡∏ó‡∏£‡πÑ‡∏õ9‡∏™‡∏≤‡∏¢‡πÑ‡∏°‡πà‡∏£‡∏±‡∏ö‡∏û‡∏ô‡∏±‡∏Å‡∏á‡∏≤‡∏ô‡πÄ‡∏≠‡∏≤‡∏Å‡∏±‡∏ô‡∏≠‡∏¢‡∏π‡πà‡∏´‡∏£‡∏∑‡∏≠‡πÑ‡∏á ‡∏ô‡∏±‡πà‡∏á‡∏£‡∏≠‡∏™‡∏≤‡∏¢‡∏à‡∏ô‡πÄ‡∏á‡∏¥‡∏ô‡∏´‡∏°‡∏î ‡∏≠‡∏µ***,"negative 
",0.6239423751831055
‡∏Å‡∏î‡πÑ‡∏•‡∏Ñ‡πå ‡∏Å‡∏î‡πÅ‡∏ä‡∏£‡πå‡πÄ‡∏û‡∏à‡πÅ‡∏•‡πâ‡∏ß‡∏Ñ‡πà‡∏∞ ‡∏≠‡∏¢‡∏≤‡∏Å‡πÑ‡∏î‡πâ Garnier Pure Active Sensitive ‡∏™‡∏≥‡∏´‡∏£‡∏±‡∏ö‡∏ú‡∏¥‡∏ß Sensitive ‡∏Ç‡∏≠‡∏á Garnier ‡∏Ñ‡πà‡∏∞,"positive 
",0.612396240234375
‡πÄ‡∏™‡∏µ‡∏¢‡∏≠‡∏¢‡πà‡∏≤‡∏á‡πÄ‡∏î‡∏µ‡∏¢‡∏ß‡πÑ‡∏°‡πà‡∏°‡∏µ‡∏Å‡∏∏‡πâ‡∏á,"negative 
",0.6123075485229492
‡πÄ‡∏°‡∏∑‡πà‡∏≠‡∏™‡∏á‡∏™‡∏±‡∏¢‡∏ß‡πà‡∏≤‡∏ï‡∏±‡∏ß‡πÄ‡∏≠‡∏á‡πÅ‡∏û‡πâ‡πÅ‡∏≠‡∏•‡∏Å‡∏≠‡∏Æ‡∏≠‡∏•‡πå‡∏°‡∏±‡πâ‡∏¢ ‡πÅ‡∏•‡πâ‡∏ß‡πÑ‡∏õ‡πÄ‡∏à‡∏≠‡∏Ñ‡∏´.‡∏ô‡∏µ‡πâ ‡∏Å‡πá‡∏£‡∏π‡πâ‡πÄ‡∏•‡∏¢‡∏ß‡πà‡∏≤‡∏ô‡πà‡∏≤‡∏à‡∏∞‡πÅ‡∏û‡πâ‡∏≠‡πà‡∏≠‡∏ô‡πÜ ‡∏Ñ‡∏∑‡∏≠‡∏Å‡∏¥‡∏ôSmirnoff ‡∏ó‡∏µ‡πà‡πÅ‡∏≠‡∏•‡∏Å‡∏≠‡∏Æ‡∏≠‡∏•‡πå‡πÅ‡∏Ñ‡πà5% ‡πÅ‡∏Å‡πâ‡∏ß‡πÄ‚Ä¶,"negative 
",0.6252655982971191
‡∏ß‡∏±‡∏ô‡∏ô‡∏µ‡πâ‡∏â‡∏µ‡∏î‡∏ô‡πâ‡∏≥‡∏´‡∏≠‡∏° Chanel ‡∏à‡πâ‡∏≤ ‡∏ü‡∏∏‡πâ‡∏á‡∏à‡∏ô‡πÄ‡∏ß‡∏µ‡∏¢‡∏ô‡∏´‡∏±‡∏ß‡∏≠‡∏∞ ü§¢,"positive 
",0.623049259185791
#‡∏ö‡∏∏‡∏´‡∏£‡∏µ‡πà ‡πÄ‡∏õ‡πá‡∏ô‡∏™‡∏≤‡πÄ‡∏´‡∏ï‡∏∏‡∏™‡∏≥‡∏Ñ‡∏±‡∏ç‡∏ó‡∏µ‡πà‡∏ó‡∏≥‡πÉ‡∏´‡πâ‡πÄ‡∏Å‡∏¥‡∏î‡∏°‡∏∞‡πÄ‡∏£‡πá‡∏á‡∏õ‡∏≠‡∏î‡∏°‡∏≤‡∏Å‡∏ó‡∏µ‡πà‡∏™‡∏∏‡∏î ‡∏Å‡∏≤‡∏£‡πÄ‡∏•‡∏¥‡∏Å‡∏ö‡∏∏‡∏´‡∏£‡∏µ‡πà‡∏ô‡∏≠‡∏Å‡∏à‡∏≤‡∏Å‡πÄ‡∏û‡∏∑‡πà‡∏≠‡∏ï‡∏±‡∏ß‡∏Ñ‡∏∏‡∏ì‡πÄ‡∏≠‡∏á ‡∏¢‡∏±‡∏á‡πÄ‡∏õ‡πá‡∏ô‡∏Å‡∏≤‡∏£‡∏ó‡∏≥‡πÄ‡∏û‡∏∑‡πà‡∏≠‡∏Ñ‡∏ô‡∏ó‡∏µ‡πà‡∏Ñ‡∏∏‡∏ì‡∏£‡∏±‡∏Å ‡πÄ‡∏û‡∏£‡∏≤‡∏∞‡∏≠‡∏±‡∏ô‡∏ï‡∏£‡∏≤‡∏¢‡∏à‡∏≤‡∏Å‡∏Å‡∏≤‡∏£‡∏™‡∏π‡∏î‡∏î‡∏° ‡∏Å‡πá‡∏™‡∏≤‡∏°‡∏≤‡∏£‡∏ñ‡∏™‡πà‡∏á‡∏ú‡∏•‡πÉ‡∏´‡πâ‡πÄ‡∏Å‡∏¥‡∏î‡∏°‡∏∞‡πÄ‡∏£‡πá‡∏á‡∏õ‡∏≠‡∏î‡πÑ‡∏î‡πâ‡πÄ‡∏ä‡πà‡∏ô‡∏Å‡∏±‡∏ô üìç‡∏™‡∏≠‡∏ö‡∏ñ‡∏≤‡∏°‡∏Ç‡πâ‡∏≠‡∏°‡∏π‡∏•‡πÄ‡∏û‡∏¥‡πà‡∏°‡πÄ‡∏ï‡∏¥‡∏° : https://goo.gl/VXrnnY üìû Samitivej Call Center 020-222-222 #SamitivejHospital #‡πÇ‡∏£‡∏á‡∏û‡∏¢‡∏≤‡∏ö‡∏≤‡∏•‡∏™‡∏°‡∏¥‡∏ï‡∏¥‡πÄ‡∏ß‡∏ä,"negative 
",0.6148312091827393
‡∏•‡∏∏‡∏¢‡∏ï‡πà‡∏≠‡∏Å‡∏±‡∏ô‡∏¢‡∏≤‡∏ß‡πÜ ‡πÄ‡∏û‡∏∑‡πà‡∏≠‡πÅ‡∏•‡∏Å‡πÄ‡∏õ‡∏•‡∏µ‡πà‡∏¢‡∏ô‡πÉ‡∏ô‡∏Ñ‡∏ß‡∏≤‡∏°‡∏ï‡πà‡∏≤‡∏á ‡∏Ç‡∏≠‡∏á‡πÄ‡∏Ñ‡∏£‡∏∑‡πà‡∏≠‡∏á‡∏¢‡∏ô‡∏ï‡πå‡πÄ‡∏ö‡∏ô‡∏ã‡∏¥‡∏ô ‡πÅ‡∏•‡∏∞ ‡∏î‡∏µ‡πÄ‡∏ã‡∏• ‡∏ñ‡∏∂‡∏á‡∏û‡∏•‡∏±‡∏á‡πÅ‡∏•‡∏∞‡∏Ñ‡∏ß‡∏≤‡∏°‡∏Ñ‡∏∏‡πâ‡∏°‡∏Ñ‡πà‡∏≤‡∏Ç‡∏≠‡∏á‡∏Å‡∏≤‡∏£‡πÉ‡∏ä‡πâ‡∏á‡∏≤‡∏ô ‡∏Ö-‡∏Ñ‡∏ô‡∏£‡∏±‡∏Å‡∏£‡∏ñ ‡∏≠‡∏≤‡∏ó‡∏¥‡∏ï‡∏¢‡πå ‡∏ó‡∏µ‡πà 28 ‡∏°‡∏Å‡∏£‡∏≤‡∏Ñ‡∏° 2561..‡∏ö‡πà‡∏≤‡∏¢‡πÇ‡∏°‡∏á‡∏ï‡∏£‡∏á ‡∏ä‡πà‡∏≠‡∏á 1( ‡∏ó‡∏ó‡∏ö.5) ‡πÅ‡∏•‡∏∞ Facebook Live #‡∏Ö‡∏Ñ‡∏ô‡∏£‡∏±‡∏Å‡∏£‡∏ñCarlover #TV5HD1,"positive 
",0.6544027328491211
‡∏û‡∏≠‡∏°‡∏µ‡∏ï‡∏¥‡∏î‡∏ö‡πâ‡∏≤‡∏ô üòÑ,"neutral 
",0.6544368267059326
‡∏´‡∏≤‡∏ã‡∏∑‡πâ‡∏≠‡∏ú‡πâ‡∏≤‡∏≠‡∏ô‡∏≤‡∏°‡∏±‡∏¢‡∏•‡∏≠‡∏£‡∏µ‡πÄ‡∏≠‡∏∞ ‡∏ã‡∏π‡πÄ‡∏õ‡∏≠‡∏£‡πå ‡πÄ‡∏à‡∏ô‡πÄ‡∏ó‡∏¥‡∏• ‡∏û‡∏•‡∏±‡∏™ ‡πÑ‡∏î‡πâ‡∏ó‡∏µ‡πà 7-Eleven ‡∏ó‡∏∏‡∏Å‡∏™‡∏≤‡∏Ç‡∏≤‡πÑ‡∏î‡πâ‡πÄ‡∏•‡∏¢‡∏ô‡∏∞‡∏Ñ‡∏∞ :) http://www.lauriermybrand.com/2013/l-product/super_gen.html,"neutral 
",0.5808477401733398
‡∏Ñ‡∏ô‡πÅ‡∏ï‡πà‡∏á‡∏á‡∏≤‡∏ô‡πÅ‡∏•‡πâ‡∏ß ‡∏à‡∏∞‡∏°‡∏µ‡∏Ñ‡∏ß‡∏≤‡∏°‡∏™‡∏∏‡∏Ç‡∏°‡∏≤‡∏Å‡πÄ‡∏ß‡∏•‡∏≤‡πÑ‡∏î‡πâ‡∏≠‡∏≠‡∏Å‡∏°‡∏≤‡∏Å‡∏¥‡∏ô‡πÄ‡∏´‡∏•‡πâ‡∏≤‡∏Å‡∏±‡∏ö‡πÄ‡∏û‡∏∑‡πà‡∏≠‡∏ô ‡∏à‡∏£‡∏¥‡∏á‡πÑ‡∏´‡∏°‡∏≠‡∏¢‡∏≤‡∏Å‡∏£‡∏π‡πâ? #100PIPERS #GiveFriends100%,"question 
",0.6266660690307617
‡πÑ‡∏î‡πâ‡πÑ‡∏õ‡∏ó‡∏≤‡∏ô‡πÄ‡∏≠‡πá‡∏°‡πÄ‡∏Ñ‡∏™‡∏≤‡∏Ç‡∏≤‡πÄ‡∏ã‡πá‡∏ô‡∏®‡∏≤‡∏•‡∏≤‡∏¢‡∏≤ ‡∏à‡∏∞‡∏™‡∏±‡πà‡∏á‡∏ï‡∏≠‡∏Å‡πÑ‡∏Ç‡πà‡∏ö‡∏≠‡∏Å‡∏´‡∏°‡∏î‡πÄ‡∏Ç‡∏ï ‡πÅ‡∏ï‡πà‡πÄ‡∏û‡∏∑‡πà‡∏≠‡∏ô‡πÑ‡∏õ‡∏Å‡∏¥‡∏ô‡∏≠‡∏µ‡∏Å‡∏ó‡∏µ‡πà‡∏¢‡∏±‡∏á‡∏Ç‡∏≤‡∏¢‡∏≠‡∏¢‡∏π‡πà‡∏Ñ‡∏∑‡∏≠‡∏á‡∏á‡∏°‡∏≤‡∏Å‡∏Ñ‡πà‡∏∞,"negative 
",0.8035068511962891
‡∏ß‡∏π‡πâ‡∏ß‡∏ß‡∏ß‡∏ß‡∏ß ^^,"positive 
",0.8062739372253418
"‡∏à‡∏≤‡∏Å USA üá∫üá∏ ‡∏ö‡∏≠‡∏î‡∏µ‡πâ FB ‡∏ö‡πâ‡∏≤‡∏ô‡πÄ‡∏£‡∏≤ ‡πÄ‡∏õ‡∏¥‡∏î‡∏Å‡∏£‡∏∞‡πÇ‡∏õ‡∏£‡∏á‡πÇ‡∏ä‡∏ß‡πå‡∏´‡∏≠‡∏¢ supercharge ‡πÅ‡∏•‡∏∞‡∏Ñ‡πâ‡∏≥‡∏´‡∏ô‡πâ‡∏≤‡∏ö‡∏ô ‡∏™‡∏µ‡πà‡∏à‡∏∏‡∏î Ultra Racing ‡∏Ç‡πà‡∏≤‡∏ß‡∏î‡∏µ‡∏Ñ‡∏∑‡∏≠ ‡∏Ñ‡πâ‡∏≥‡πÑ‡∏°‡πà‡∏ï‡∏¥‡∏î‡∏ã‡∏∏‡∏õ ‡∏Ç‡πà‡∏≤‡∏ß‡∏£‡πâ‡∏≤‡∏¢‡∏Ñ‡∏∑‡∏≠‡∏ï‡∏¥‡∏î‡∏ã‡∏∏‡∏õ‡πÑ‡∏°‡πà‡∏ï‡∏¥‡∏î‡∏Ñ‡πâ‡∏≥‡∏Ç‡∏±‡∏ö‡πÑ‡∏°‡πà‡∏°‡∏±‡∏ô‡∏™‡πå... Cr. Horsepower Industries, LLC Ultra Racing USA - Chassis Tuning Specialist","positive 
",0.7757174968719482
"‡∏£‡∏≠‡∏¢‡πÄ‡∏ó‡πâ‡∏≤‡∏ö‡∏ô‡∏ú‡∏∑‡∏ô‡∏ó‡∏£‡∏≤‡∏¢ ""‡∏û‡∏¥‡∏á‡∏Ñ‡πå‡πÅ‡∏û‡∏ô‡πÄ‡∏ï‡∏≠‡∏£‡πå ‡∏ô‡∏∂‡∏Å ‡∏ñ‡∏∂‡∏á‡∏ä‡πà‡∏ß‡∏á‡πÑ‡∏õ‡∏ü‡∏±‡∏á ‡∏ß‡∏á‡πÄ‡∏•‡πà‡∏ô ‡∏´‡∏ô‡πâ‡∏≤ ‡πÄ‡∏´‡∏°‡∏±‡∏ô‡∏ï‡πå ‡∏ü‡∏∏‡∏Å‡∏∏‡πÜ ‡πÉ‡∏ô‡∏≠‡∏î‡∏µ‡∏ï ‡πÄ‡∏•‡∏¢ ‡∏ó‡∏µ‡πà‡πÄ‡∏ö‡∏µ‡∏¢‡∏£‡πå‡∏™‡∏¥‡∏á‡∏´‡πå ‡πÄ‡∏Æ‡πâ‡∏≤‡∏™‡πå ‡∏ô‡∏∂‡∏Å‡∏ñ‡∏∂‡∏á‡∏≠‡∏î‡∏µ‡∏ï ‡∏´‡∏£‡∏¥‡∏≠ ‡πÄ‡∏û‡∏•‡∏á ‡∏Ç‡∏≠‡∏á ‡∏Å‡∏∏‡πâ‡∏á ‡∏ï‡∏ß‡∏á‡∏™‡∏¥‡∏ó‡∏ò‡∏¥ ‡πÄ‡∏û‡∏•‡∏á ‡πÉ‡∏ô ‡∏¢‡∏∏‡∏Ñ ‡∏Å‡πà‡∏≠‡∏ô‡∏ä‡πà‡∏ß‡∏á ‡∏ï‡πâ‡∏ô 1990 ‡∏¢‡∏∏‡∏Ñ ‡πÅ‡∏Å‡∏£‡∏ô‡πÄ‡∏≠‡πá‡∏Å‡∏ã‡πå ‡∏¢‡∏∏‡∏Ñ ‡πÄ‡∏î‡∏≠‡∏∞ ‡∏û‡∏≤‡πÄ‡∏•‡∏ã ‡∏ó‡∏µ‡πà ‡∏ö‡∏£‡∏£‡∏¢‡∏≤‡∏Å‡∏≤‡∏® ‡∏≠‡∏≤‡∏Å‡∏≤‡∏® ‡πÄ‡∏¢‡πá‡∏ô ‡πÅ‡∏ö‡∏ö ‡∏ä‡πà‡∏ß‡∏á‡∏ô‡∏µ‡πâ ‡∏°‡∏≤‡∏Å‡πÜ ‡πÄ‡∏•‡∏¢ ‡∏≠‡∏¢‡πà‡∏≤‡∏á‡πÄ‡∏û‡∏•‡∏á ‡∏£‡∏≠‡∏¢‡πÄ‡∏ó‡πâ‡∏≤‡πÉ‡∏ô‡∏ú‡∏∑‡∏ô‡∏ó‡∏£‡∏≤‡∏¢ ‡∏ü‡∏±‡∏á ‡∏ä‡πà‡∏ß‡∏á ‡∏Ç‡∏±‡∏ö‡∏£‡∏ñ‡πÄ‡∏õ‡∏≠‡∏£‡πÇ‡∏¢ 305 ‡πÑ‡∏õ ‡∏û‡∏±‡∏Å ‡∏Å‡∏∞ ‡πÄ‡∏û‡∏∑‡πà‡∏≠‡∏ô‡πÜ ‡πÑ‡∏°‡πà‡∏°‡∏µ ‡∏°‡∏≠‡πÄ‡∏ï‡∏≠‡∏£‡πå ‡πÄ‡∏ß‡∏¢‡πå ‡∏Å‡πá‡∏°‡∏±‡∏ô‡πÑ‡∏î‡πâ ‡∏ï‡∏≤‡∏°‡πÉ‡∏à ‡∏Ç‡∏±‡∏ö‡πÑ‡∏õ ‡∏ü‡∏±‡∏á‡πÑ‡∏õ ‡∏Å‡∏∞‡πÄ‡∏û‡∏•‡∏á ‡∏ô‡∏∂‡∏Å ‡∏ñ‡∏∂‡∏á ‡πÄ‡∏£‡∏∑‡πà‡∏≠‡∏á‡∏£‡∏≤‡∏ß ‡∏≠‡∏µ‡∏Å ‡∏°‡∏≤‡∏Å ‡πÄ‡∏•‡∏¢ ‡∏û‡πâ‡∏ô‡∏à‡∏≤‡∏Å‡∏¢‡∏∏‡∏Ñ‡∏ô‡∏µ‡πâ ‡∏Å‡πá‡∏°‡∏≤‡∏¢‡∏∏‡∏Ñ ‡∏≠‡∏±‡∏™‡∏ô‡∏µ ‡∏ß‡∏™‡∏±‡∏ô‡∏ï‡πå ‡πÅ‡∏°‡πâ‡∏à‡∏∞ ‡πÄ‡∏•‡πà‡∏ô ‡∏°‡∏≤‡∏ï‡∏±‡πâ‡∏á‡πÅ‡∏ï‡πà ‡∏≠‡∏¥‡∏™‡∏ã‡∏∂‡πà‡∏ô ‡πÅ‡∏ï‡πà‡∏°‡∏≤ ‡πÄ‡∏õ‡∏£‡∏µ‡πâ‡∏¢‡∏á ‡∏õ‡∏£‡πâ‡∏≤‡∏á ‡∏ä‡πà‡∏ß‡∏á ‡∏ï‡πâ‡∏ô 1990 ‡∏™‡∏°‡∏±‡∏¢‡∏Å‡πà‡∏≠‡∏ô ‡πÑ‡∏°‡πà‡∏°‡∏µ ‡πÇ‡∏ã‡πÄ‡∏ä‡∏µ‡πà‡∏¢‡∏• ‡πÄ‡∏ô‡πá‡∏ï‡πÄ‡∏ß‡∏¥‡∏Ñ ‡∏Å‡πá‡πÑ‡∏°‡πà‡πÄ‡∏´‡∏á‡∏≤ ‡∏ô‡∏∞ ‡∏ú‡∏ç ‡πÅ‡∏¢‡∏∞ ‚òÉÔ∏èüéÑüíôüé∂üç∫üçª‚òÉÔ∏èüéÑüíôüçóüç∫‚òÉÔ∏è","positive 
",0.8768186569213867
Canmake ‡πÅ‡∏Ñ‡∏ô‡πÄ‡∏°‡∏Ñ ‡πÅ‡∏°‡∏ó‡∏ó‡πå ‡πÅ‡∏≠‡∏ô‡∏î‡πå ‡∏Ñ‡∏£‡∏¥‡∏™‡∏ï‡∏≠‡∏• ‡∏ä‡∏µ‡∏Ñ (‡∏ó‡∏∏‡∏Å‡πÄ‡∏â‡∏î‡∏™‡∏µ) ‡∏Ñ‡∏π‡∏õ‡∏≠‡∏á‡∏™‡πà‡∏ß‡∏ô‡∏•‡∏î 50 ‡∏ö‡∏≤‡∏ó ‡∏à‡∏≤‡∏Å‡∏£‡∏≤‡∏Ñ‡∏≤‡∏õ‡∏Å‡∏ï‡∏¥ 350 ‡∏ö‡∏≤‡∏ó ‡πÄ‡∏´‡∏•‡∏∑‡∏≠ 300 ‡∏ö‡∏≤‡∏ó #‡∏Ñ‡∏π‡∏õ‡∏≠‡∏á‡∏ô‡∏µ‡πâ‡∏ö‡∏≠‡∏Å‡∏ó‡∏µ‡∏•‡∏î‡∏Å‡∏µ‡πà‡∏ö‡∏≤‡∏ó,"neutral 
",0.719918966293335
‡∏î‡∏µ‡∏î‡∏µ‡∏î‡∏µ ‡πÄ‡∏Ç‡∏≤‡∏£‡∏±‡∏ö‡∏ú‡∏¥‡∏î‡∏ä‡∏≠‡∏ö‡πÄ‡∏£‡πá‡∏ß‡∏°‡∏≤‡∏Å‡∏ô‡πâ‡∏∞‡∏û‡∏µ‡πà ‡∏ä‡∏≠‡∏ö‡πÜ,"positive 
",0.6739158630371094
‡πÄ‡∏ã‡∏ï‡πÄ‡∏ô‡∏∑‡πâ‡∏≠ ‡∏ô‡πà‡∏≤‡∏Å‡∏¥‡∏ô‡πÑ‡∏°‡πà‡πÄ‡∏Ñ‡∏¢‡∏•‡∏≠‡∏á‡πÄ‡∏ô‡∏∑‡πâ‡∏≠‡∏°‡∏±‡∏á‡∏Å‡∏£‡∏Ç‡∏≠‡∏á‡∏û‡∏µ‡πà‡∏Å‡πâ‡∏≠‡∏ô ‡πÅ‡∏•‡πâ‡∏ß‡∏≠‡∏¢‡∏≤‡∏Å‡πÑ‡∏î‡πâ‡∏Ç‡∏≠‡∏á‡∏ü‡∏£‡∏µ‡∏Ñ‡∏∑‡∏≠ ‡πÄ‡∏Å‡∏µ‡πä‡∏¢‡∏ß‡∏ã‡πà‡∏≤‡∏û‡∏£‡∏¥‡∏Å‡πÄ‡∏Å‡∏•‡∏∑‡∏≠ ‡πÄ‡∏´‡∏°‡∏∑‡∏≠‡∏ô‡∏≠‡∏±‡∏ô‡∏ó‡∏µ‡πà‡πÉ‡∏™‡πà‡∏ú‡∏•‡πÑ‡∏°‡πâ‡∏õ‡πâ‡∏∞‡∏Ñ‡∏£‡∏±‡∏ö ‡∏≠‡∏¢‡∏≤‡∏Å‡∏•‡∏≠‡∏á üòÇüôèüèª,"positive 
",0.6429629325866699
‡πÅ‡∏°‡πà‡∏á‡∏î‡∏π‡∏ñ‡∏π‡∏Å‡∏ö‡∏•‡∏±‡∏ä 4u2. ‡πÑ‡∏°‡πà‡πÑ‡∏î‡πâ‡∏à‡∏£‡∏¥‡∏á‡πÜ ‡πÅ‡∏ï‡∏∞‡∏ô‡∏¥‡∏î‡πÄ‡∏î‡∏µ‡∏¢‡∏ß ‡∏™‡∏µ‡∏ä‡∏±‡∏î‡∏°‡∏≤‡∏Å‡πÄ‡∏ß‡πà‡∏≠ ‡∏ô‡∏µ‡πà‡∏ï‡∏π‡∏î‡∏•‡∏¥‡∏á‡∏•‡∏∞ ‡πÄ‡∏≠‡∏≤‡πÑ‡∏á‡∏î‡∏µ ‡πÑ‡∏õ‡πÅ‡∏ö‡∏ö‡∏ô‡∏µ‡πâ‡πÄ‡∏õ‡πá‡∏ô‡∏Ñ‡∏ß‡∏≤‡∏°‡∏ä‡∏¥‡∏Ñ‡πÜ‡∏£‡∏∂‡∏•‡πâ‡∏≤‡∏á‡∏≠‡∏≠‡∏Å‡∏ó‡∏±‡πâ‡∏á‡∏´‡∏ô‡πâ‡∏≤‡πÅ‡∏ï‡πà‡∏á‡πÉ‡∏´‡∏°‡πà 555555555,"negative 
",0.8195998668670654
‡∏ï‡∏±‡∏ß‡∏ï‡∏≤‡∏¢‡∏ï‡∏±‡∏ß‡πÅ‡∏ó‡∏ô‡∏Ç‡∏≠‡∏á #Tucson !! #Thaicarlover #Conceptcar #Hyundai,"neutral 
",0.7442266941070557
‡∏à‡∏±‡∏á‡∏´‡∏ß‡∏±‡∏î‡∏ï‡∏£‡∏±‡∏á‡∏Ñ‡∏£‡∏±‡∏ö ‡πÄ‡∏û‡∏£‡∏≤‡∏∞‡∏ñ‡πâ‡∏≤‡∏à‡∏∞‡∏Å‡∏¥‡∏ô MK ‡πÄ‡∏£‡∏≤‡∏ï‡πâ‡∏≠‡∏á‡∏°‡∏µ‡∏ï‡∏£‡∏±‡∏á,"positive 
",0.6397731304168701
‡∏≠‡∏π‡∏°‡∏≤‡∏≤,"neutral 
",0.6274979114532471
‡∏Ç‡∏≤‡∏¢‡πÉ‡∏ô‡πÑ‡∏ó‡∏¢‡πÅ‡∏ô‡πà‡∏ô‡∏≠‡∏ô‡πÅ‡∏•‡∏∞‡∏Ñ‡∏≤‡∏î‡∏ß‡πà‡∏≤‡∏†‡∏≤‡∏¢‡πÉ‡∏ô‡∏õ‡∏µ‡∏ô‡∏µ‡πâ‡∏Ñ‡∏£‡∏±‡∏ö president nissan th mr. ‡∏≠‡∏≠‡∏á‡∏ï‡∏ß‡∏ô ‡∏ö‡∏≤‡πÄ‡∏ï‡∏™ ‡πÅ‡∏ñ‡∏•‡∏á‡πÅ‡∏•‡πâ‡∏ß‡∏ß‡πà‡∏≤‡πÄ‡∏≠‡∏≤‡∏°‡∏≤‡∏õ‡∏£‡∏∞‡∏Å‡∏≠‡∏ö‡∏Ç‡∏≤‡∏¢‡πÉ‡∏ô‡∏õ‡∏µ‡∏ô‡∏µ‡πâ‡πÅ‡∏•‡∏∞‡∏°‡∏µ‡∏Å‡∏≤‡∏£‡∏î‡∏≥‡πÄ‡∏ô‡∏¥‡∏ô‡∏Å‡∏≤‡∏£‡πÅ‡∏à‡πâ‡∏á‡∏Ç‡∏≠‡∏£‡∏±‡∏ö‡∏™‡∏¥‡∏ó‡∏ò‡∏¥‡∏û‡∏¥‡πÄ‡∏®‡∏©‡∏à‡∏≤‡∏Å boi ‡πÄ‡∏õ‡πá‡∏ô‡∏ó‡∏µ‡πà‡πÄ‡∏£‡∏µ‡∏¢‡∏ö‡∏£‡πâ‡∏≠‡∏¢‡πÅ‡∏•‡πâ‡∏ß‡∏Ñ‡∏£‡∏±‡∏ö,"positive 
",0.6728107929229736
‡πÄ‡∏≠‡∏≤‡∏ó‡∏µ‡πà‡∏™‡∏ö‡∏≤‡∏¢‡πÉ‡∏à‡∏à‡πâ‡∏≤‡∏≤55 ‡∏Ñ‡∏¥‡∏î‡∏ñ‡∏∂‡∏á‡∏°‡∏≤‡∏Å‡∏¥‡∏ô‡∏ö‡∏≤‡∏ö‡∏µ‡∏Å‡πâ‡∏≠‡∏ô‡∏Å‡∏±‡∏ô,"positive 
",19.064294815063477
‡∏ö‡∏≤‡∏ö‡∏µ‡∏Å‡πâ‡∏≠‡∏ô‡∏≠‡∏µ‡∏Å‡∏•‡∏∞ ‡πÄ‡∏û‡∏¥‡πà‡∏á‡∏à‡∏∞‡∏Å‡∏¥‡∏ô‡∏ß‡∏±‡∏ô‡∏Å‡πà‡∏≠‡∏ô ‡πÄ‡∏ö‡∏∑‡πà‡∏≠‡∏Ñ‡∏ß‡∏≤‡∏°‡∏Å‡∏¥‡∏ô‡πÑ‡∏£‡∏ã‡πâ‡∏≥‡πÜ,"negative 
",0.6054213047027588
‡∏°‡∏≠‡πÄ‡∏ï‡∏≠‡∏£‡πå‡πÑ‡∏ã‡∏£‡πå‡∏Ç‡∏∂‡πà‡∏¢‡πâ‡∏≠‡∏ô‡∏®‡∏£ ‡∏°‡∏≠‡∏£‡πå‡πÄ‡∏ï‡∏≠‡∏£‡πå‡πÑ‡∏ã‡∏£‡πå‡∏Ç‡∏µ‡πà‡∏ö‡∏ô‡∏ó‡∏≤‡∏á‡πÄ‡∏ó‡πâ‡∏≤,"negative 
",0.6406912803649902
‡∏Ç‡πÇ‡∏°‡∏¢‡∏ô‡πâ‡∏≥‡∏ã‡∏∏‡∏õ‡πÑ‡∏õ‡∏ó‡∏≥‡πÅ‡∏î‡∏Å‡πÄ‡∏≠‡∏á‡πÑ‡∏î‡πâ‡∏õ‡πà‡∏∞ ‡∏≠‡∏¥‡∏´‡πà‡∏≤‡πÄ‡∏ã‡πá‡∏ó‡∏´‡∏°‡∏π‡πÅ‡∏û‡∏á‡πÄ‡∏Å‡∏¥‡πä‡∏ô ‡πÄ‡∏û‡∏∑‡πà‡∏≠‡∏ô‡∏Å‡∏π‡∏Å‡πá‡πÄ‡∏õ‡πá‡∏ô‡πÄ‡∏à‡πâ‡∏≤‡∏Ç‡∏≠‡∏á‡∏•‡∏π‡∏Å‡∏ä‡∏¥‡πâ‡∏ô‡πÄ‡∏≠‡πá‡∏°‡πÄ‡∏Ñ‡∏™‡∏±‡πà‡∏á‡∏ñ‡∏π‡∏Å‡πÜ‡πÅ‡∏î‡∏Å‡πÑ‡∏î‡πâ üòÇüòÇüòÇ,"negative 
",0.6561939716339111
No !!,"negative 
",0.5974991321563721
‡∏ö‡πâ‡∏≤‡∏ô‡πÄ‡∏°‡∏µ‡∏¢‡∏ô‡πâ‡∏≠‡∏¢‡∏•‡∏∏‡∏á‡∏´‡∏°‡∏≥‡πà ‡πÄ‡∏ä‡∏µ‡∏¢‡∏á‡∏£‡∏≤‡∏¢,"neutral 
",0.6411333084106445
‡πÅ‡∏õ‡πâ‡∏á‡∏ù‡∏∏‡πà‡∏ô‡∏Ç‡∏≠‡∏á‡∏™‡∏¥‡∏ß‡∏±‡∏ô‡∏ô‡∏≤110‡∏ö‡∏≤‡∏ó‡∏´‡∏°‡∏î‡∏¢‡∏±‡∏á‡∏Ñ‡πà‡∏∞,"question 
",0.6570820808410645
‡πÑ‡∏õ‡πÜ ‡∏Å‡∏ó‡∏°,"neutral 
",0.683711051940918
‡∏ö‡∏≤‡∏ö‡∏¥‡∏Å‡πâ‡∏≠‡∏ô ‡∏≠‡∏≠‡∏Å‡∏°‡∏≤‡∏Ç‡∏≠‡πÇ‡∏ó‡∏©‡πÄ‡∏õ‡πá‡∏ô‡∏à‡∏î‡∏´‡∏°‡∏≤‡∏¢‡∏û‡∏£‡πâ‡∏≠‡∏°‡∏ö‡∏≠‡∏Å‡πÄ‡∏£‡∏µ‡∏¢‡∏Å‡∏Ñ‡∏∑‡∏ô‡πÄ‡∏ô‡∏∑‡πâ‡∏≠‡∏ß‡∏±‡∏ß‡∏ó‡∏±‡πâ‡∏á‡∏´‡∏°‡∏î ‡πÅ‡∏ï‡πà‡∏™‡∏∏‡∏î‡∏ó‡πâ‡∏≤‡∏¢‡∏ö‡∏≠‡∏Å‡∏à‡∏∏‡∏î‡∏ó‡∏µ‡πà‡πÄ‡∏´‡πá‡∏ô‡πÑ‡∏°‡πà‡πÉ‡∏ä‡πà‡∏û‡∏¢‡∏≤‡∏ò‡∏¥ 555555555 ‡πÑ‡∏î‡πâ‡πÄ‡∏•‡∏¢‡∏à‡πâ‡∏≤‡∏≤‡∏≤‡∏≤‡∏≤‡∏≤ 555555555,"negative 
",0.6188681125640869
‡πÅ‡∏ö‡∏ô‡πÄ‡∏ô‡∏≠‡∏£‡πå‡∏ó‡∏µ‡πà‡∏ß‡∏á‡πÑ‡∏ß‡πâ‡∏Ñ‡∏£‡∏±‡∏ö ‡πÄ‡∏´‡πá‡∏ô‡∏•‡∏π‡∏Å‡∏®‡∏£‡∏™‡∏µ‡πÄ‡∏ó‡∏≤‡πÜ‡∏Å‡πá‡∏Å‡∏î‡πÄ‡∏•‡∏∑‡πà‡∏≠‡∏ô‡πÑ‡∏õ‡πÄ‡∏£‡∏∑‡πà‡∏≠‡∏¢‡πÜ‡πÄ‡∏•‡∏¢‡∏Ñ‡∏£‡∏±‡∏ö,"neutral 
",0.618962287902832
‡πÄ‡∏û‡∏ä‡∏£‡∏ö‡∏π‡∏£‡∏ì‡πå‡∏°‡∏µ‡πÑ‡∏´‡∏°‡∏Ñ‡∏£‡∏±‡∏ö,"question 
",0.7763705253601074
‡∏à‡∏±‡∏î‡πÑ‡∏õ‡∏≠‡∏¢‡πà‡∏≤‡πÉ‡∏´‡πâ‡πÄ‡∏™‡∏µ‡∏¢ #‡∏¢‡∏Å‡∏Å‡πä‡∏ß‡∏ô‡∏ä‡∏ß‡∏ô‡∏ã‡∏î #‡∏ã‡∏∏‡∏õ‡∏´‡∏°‡πà‡∏≤‡∏•‡πà‡∏≤ #HOTPOTBUFFET,"positive 
",0.661862850189209
‡∏Ç‡∏≠‡∏£‡∏≤‡∏¢‡∏•‡∏∞‡πÄ‡∏≠‡∏µ‡∏¢‡∏î‡∏¢‡∏≤‡∏£‡∏¥‡∏™‡∏Ñ‡∏∞,"question 
",0.6236839294433594
‡∏ó‡∏µ‡πà‡∏ô‡∏Ñ‡∏£‡∏®‡∏£‡∏µ‡∏ò‡∏£‡∏£‡∏°‡∏£‡∏≤‡∏ä‡∏°‡∏µ‡πÑ‡∏´‡∏°‡∏Ñ‡πà‡∏∞,"question 
",0.6248703002929688
‡∏à‡∏∞‡∏≠‡∏¥‡πà‡∏°‡∏°‡∏±‡πâ‡∏¢555,"neutral 
",0.6686661243438721
‡∏´‡∏á‡∏™‡πå‡∏ó‡∏≠‡∏á,"neutral 
",0.6305289268493652
‡∏î‡∏π‡πÜ‡πÜ‡πÜ,"neutral 
",0.6648688316345215
"‡∏à‡∏≤‡∏Å‡∏õ‡∏£‡∏∞‡∏™‡∏ö‡∏Å‡∏≤‡∏£‡∏ì‡πå‡∏ú‡∏°‡∏ó‡∏µ‡πà‡∏ú‡∏°‡∏ó‡∏≥‡∏á‡∏≤‡∏ô‡πÉ‡∏ô‡πÇ‡∏£‡∏á‡∏û‡∏¢‡∏≤‡∏ö‡∏≤‡∏•‡∏¢‡∏≤‡∏ß‡∏ô‡∏≤‡∏ô‡∏°‡∏≤‡∏Å‡∏ß‡πà‡∏≤ 10 ‡∏õ‡∏µ ‡∏™‡∏¥‡πà‡∏á‡∏ó‡∏µ‡πà‡∏ú‡∏°‡πÄ‡∏´‡πá‡∏ô‡∏ó‡∏±‡πâ‡∏á‡∏à‡πà‡∏≤‡πÅ‡∏•‡∏∞‡∏û‡∏µ‡πà‡∏™‡∏±‡∏ô‡∏ï‡∏¥ ‡∏°‡∏≤‡∏ô‡∏∞‡∏î‡∏µ ‡πÄ‡∏´‡∏°‡∏∑‡∏≠‡∏ô‡∏Å‡∏±‡∏ô‡∏Å‡πá‡∏Ñ‡∏∑‡∏≠ ""‡∏Ñ‡∏ß‡∏≤‡∏°‡∏´‡∏ß‡∏±‡∏á‡∏î‡∏µ ‡∏õ‡∏£‡∏∞‡∏™‡∏á‡∏Ñ‡πå‡∏î‡∏µ"" ‡∏Ç‡∏≠‡∏á‡∏ó‡∏±‡πâ‡∏á‡∏™‡∏≠‡∏á‡∏Ñ‡∏ô ‡∏ã‡∏∂‡πà‡∏á‡πÉ‡∏ô‡∏õ‡∏£‡∏∞‡∏ä‡∏≤‡∏Å‡∏£‡∏Å‡∏ß‡πà‡∏≤ 70 ‡∏•‡πâ‡∏≤‡∏ô‡∏Ñ‡∏ô ‡∏à‡∏∞‡∏´‡∏≤‡∏Ñ‡∏ô‡∏ó‡∏µ‡πà‡πÄ‡∏™‡∏µ‡∏¢‡∏™‡∏•‡∏∞‡πÅ‡∏ö‡∏ö‡∏ô‡∏µ‡πâ‡πÑ‡∏î‡πâ‡∏¢‡∏≤‡∏Å ‡∏à‡πà‡∏≤‡πÄ‡∏≠‡∏á‡πÄ‡∏õ‡πá‡∏ô‡∏Ñ‡∏ô‡∏°‡∏µ‡∏Ñ‡∏ß‡∏≤‡∏°‡∏£‡∏π‡πâ‡πÉ‡∏ô‡∏´‡∏•‡∏≤‡∏¢‡πÜ‡∏®‡∏≤‡∏™‡∏ï‡∏£‡πå‡πÅ‡∏•‡∏∞‡∏Ñ‡∏ß‡∏≤‡∏°‡∏£‡∏π‡πâ‡πÄ‡∏ä‡∏¥‡∏á‡∏ß‡∏¥‡∏ä‡∏≤‡∏Å‡∏≤‡∏£ ‡∏Ñ‡∏∏‡∏ì‡∏™‡∏±‡∏ô‡∏ï‡∏¥‡∏Å‡πá‡∏°‡∏µ‡∏Ñ‡∏ß‡∏≤‡∏°‡∏£‡∏π‡πâ‡πÄ‡∏ä‡∏¥‡∏á‡∏û‡∏∑‡πâ‡∏ô‡∏ö‡πâ‡∏≤‡∏ô ‡∏≠‡∏≤‡∏®‡∏±‡∏¢‡∏´‡∏•‡∏±‡∏Å Natural Treatment ‡πÄ‡∏õ‡πá‡∏ô‡∏´‡∏•‡∏±‡∏Å ‡∏ú‡∏°‡∏≠‡∏¢‡∏≤‡∏Å‡πÉ‡∏´‡πâ‡∏ú‡∏π‡πâ‡∏≠‡πà‡∏≤‡∏ô‡πÉ‡∏ä‡πâ‡∏ß‡∏¥‡∏à‡∏≤‡∏£‡∏ì‡∏ç‡∏≤‡∏ì‡πÉ‡∏ô‡∏ó‡∏∏‡∏Å‡πÜ‡∏´‡∏±‡∏ß‡∏Ç‡πâ‡∏≠‡∏ó‡∏µ‡πà‡∏≠‡πà‡∏≤‡∏ô ‡∏´‡∏•‡∏≤‡∏¢‡πÜ‡∏≠‡∏¢‡πà‡∏≤‡∏á‡∏ó‡∏µ‡πà‡∏Ñ‡∏∏‡∏ì‡∏™‡∏±‡∏ô‡∏ï‡∏¥‡∏ö‡∏≠‡∏Å‡∏Ñ‡∏ô‡πÑ‡∏Ç‡πâ ‡πÄ‡∏õ‡πá‡∏ô‡πÄ‡∏£‡∏∑‡πà‡∏≠‡∏á‡∏ó‡∏µ‡πà‡πÉ‡∏ä‡πâ‡πÑ‡∏î‡πâ‡∏à‡∏£‡∏¥‡∏á ‡πÅ‡∏•‡∏∞‡πÄ‡∏´‡πá‡∏ô‡∏ú‡∏•‡πÉ‡∏ô‡πÑ‡∏°‡πà‡∏ä‡πâ‡∏≤ ‡πÅ‡∏°‡πâ‡πÅ‡∏ï‡πà‡∏≠‡∏≤‡∏à‡∏≤‡∏£‡∏¢‡πå‡∏´‡∏°‡∏≠‡∏ó‡∏µ‡πà‡∏ú‡∏°‡∏ó‡∏≥‡∏á‡∏≤‡∏ô‡∏î‡πâ‡∏ß‡∏¢ ‡∏¢‡∏±‡∏á‡∏û‡∏π‡∏î‡πÄ‡∏•‡∏¢‡∏ß‡πà‡∏≤‡∏à‡∏£‡∏¥‡∏á ‡πÄ‡∏û‡∏£‡∏≤‡∏∞‡∏™‡∏°‡∏±‡∏¢‡∏ô‡∏µ‡πâ ‡∏ò‡∏∏‡∏£‡∏Å‡∏¥‡∏à‡πÇ‡∏£‡∏á‡∏û‡∏¢‡∏≤‡∏ö‡∏≤‡∏• ‡∏´‡∏≤‡∏£‡∏≤‡∏¢‡πÑ‡∏î‡πâ‡∏à‡∏≤‡∏Å‡∏Ñ‡∏ô‡πÑ‡∏Ç‡πâ‡∏≠‡∏¢‡∏π‡πà‡πÅ‡∏•‡πâ‡∏ß ‡πÅ‡∏ï‡πà‡∏ö‡∏≤‡∏á‡∏≠‡∏¢‡πà‡∏≤‡∏á ‡∏Å‡πá‡∏ï‡πâ‡∏≠‡∏á‡∏≠‡∏≤‡∏®‡∏±‡∏¢‡∏Å‡∏≤‡∏£‡∏£‡∏±‡∏Å‡∏©‡∏≤‡∏Ñ‡∏ß‡∏ö‡∏Ñ‡∏π‡πà‡πÑ‡∏õ‡∏î‡πâ‡∏ß‡∏¢ ‡πÅ‡∏ï‡πà‡∏¢‡∏≤‡∏ó‡∏µ‡πà‡∏™‡∏≥‡∏Ñ‡∏±‡∏ç‡∏ó‡∏µ‡πà‡∏™‡∏∏‡∏î ‡∏Ñ‡∏∑‡∏≠‡∏™‡∏†‡∏≤‡∏ß‡∏∞‡∏à‡∏¥‡∏ï‡πÉ‡∏à ‡∏´‡∏°‡∏≠‡∏ú‡∏°‡πÄ‡∏Ñ‡∏¢‡∏ö‡∏≠‡∏Å‡∏Ñ‡∏ô‡πÑ‡∏Ç‡πâ‡πÉ‡∏´‡πâ‡∏Å‡∏¥‡∏ô‡∏¢‡∏≤‡πÄ‡∏û‡∏∑‡πà‡∏≠‡∏£‡∏±‡∏Å‡∏©‡∏≤‡πÇ‡∏£‡∏Ñ ‡πÅ‡∏ï‡πà‡∏Å‡∏•‡∏±‡∏ö‡∏™‡∏±‡πà‡∏á‡∏à‡πà‡∏≤‡∏¢‡πÄ‡∏û‡∏µ‡∏¢‡∏á‡∏ß‡∏¥‡∏ï‡∏≤‡∏°‡∏¥‡∏ô ‡πÅ‡∏•‡∏∞‡∏ó‡πâ‡∏≤‡∏¢‡∏ó‡∏µ‡πà‡∏™‡∏∏‡∏î ‡∏Ñ‡∏ô‡πÑ‡∏Ç‡πâ‡∏Å‡πá‡∏´‡∏≤‡∏¢‡∏à‡∏≤‡∏Å‡πÇ‡∏£‡∏Ñ‡∏î‡∏±‡∏á‡∏Å‡∏•‡πà‡∏≤‡∏ß ‡∏ó‡πâ‡∏≤‡∏¢‡∏ó‡∏µ‡πà‡∏™‡∏∏‡∏î ‡∏ú‡∏°‡∏Å‡πá‡∏Ç‡∏≠‡πÄ‡∏õ‡πá‡∏ô‡∏Å‡∏≥‡∏•‡∏±‡∏á‡πÉ‡∏à‡πÉ‡∏´‡πâ‡∏ó‡∏±‡πâ‡∏á‡∏™‡∏≠‡∏á‡∏Ñ‡∏ô‡∏ô‡∏∞‡∏Ñ‡∏£‡∏±‡∏ö ‡πÅ‡∏•‡∏∞‡∏Ç‡∏≠‡πÉ‡∏´‡πâ‡∏ó‡∏∏‡∏Å‡∏Ñ‡∏ô‡∏ó‡∏µ‡πà‡∏≠‡πà‡∏≤‡∏ô‡πÇ‡∏û‡∏™‡∏ó‡πå‡∏ô‡∏µ‡πâ ‡∏î‡∏π‡πÅ‡∏•‡∏™‡∏∏‡∏Ç‡∏†‡∏≤‡∏û‡∏ï‡∏±‡∏ß‡πÄ‡∏≠‡∏á‡∏î‡πâ‡∏ß‡∏¢‡∏Ñ‡∏£‡∏±‡∏ö","positive 
",0.7382888793945312
‡∏ä‡∏∏‡∏î‡∏Ñ‡∏ß‡∏ö‡∏Ñ‡∏∏‡∏°‡∏û‡∏£‡∏µ‡∏≠‡∏∏‡∏™‡∏°‡∏≤‡∏à‡∏≤‡∏Å‡∏ô‡∏≠‡∏Å‡πÑ‡∏°‡πà‡πÑ‡∏î‡πâ‡∏ñ‡∏π‡∏Å‡∏õ‡∏£‡∏±‡∏ö‡πÅ‡∏ï‡πà‡∏á‡∏°‡∏≤‡∏™‡∏≥‡∏´‡∏ô‡∏£‡∏±‡∏ö‡∏ü‡∏¥‡∏°‡∏•‡πå‡∏ó‡∏µ‡πà‡∏ï‡∏¥‡∏î‡πÉ‡∏ô‡πÄ‡∏°‡∏∑‡∏≠‡∏á‡πÑ‡∏ó‡∏¢,"negative 
",0.6335721015930176
‡∏°‡∏≤‡∏î‡∏¥‡πÜ‡πÜ‡πÜ‡πÜ ‡∏û‡∏ô‡πÄ‡∏•‡∏¢‡πÑ‡∏°,"neutral 
",0.7436127662658691
‡∏õ‡∏∞‡πÄ‡∏ß‡∏™‡πÄ‡∏Å‡∏ï,"neutral 
",0.6300828456878662
‡πÑ‡∏õ ShowDC ‡∏°‡∏≤‡∏Ñ‡πà‡∏∞ .. ‡∏ñ‡πâ‡∏≤‡∏´‡πâ‡∏≤‡∏á‡∏¢‡∏±‡∏á‡πÑ‡∏°‡πà‡πÄ‡∏™‡∏£‡πá‡∏à‡∏ã‡∏∞‡∏Ç‡∏ô‡∏≤‡∏î‡∏ô‡∏µ‡πâ‡∏¢‡∏±‡∏á‡πÑ‡∏°‡πà‡∏ï‡πâ‡∏≠‡∏á‡∏£‡∏µ‡∏ö‡πÄ‡∏õ‡∏¥‡∏î‡∏Å‡πá‡πÑ‡∏î‡πâ‡∏ô‡∏∞ ...üò≠üò≠,"negative 
",0.7043430805206299
‡∏ù‡∏≤‡∏Å‡∏ó‡∏≤‡∏á honda ‡∏ä‡πà‡∏ß‡∏¢‡πÄ‡∏õ‡∏•‡∏µ‡πà‡∏¢‡∏ô ‡∏Å‡∏£‡∏∞‡∏à‡∏Å‡πÄ‡∏õ‡πá‡∏ô‡∏ó‡∏£‡∏á‡∏Å‡∏•‡∏° ‡∏î‡πâ‡∏ß‡∏¢‡πÄ‡∏ñ‡∏≠‡∏∞‡∏Ñ‡∏£‡∏±‡∏ö ‡∏Ç‡∏≠‡∏£‡πâ‡∏≠‡∏á ‡∏Å‡∏£‡∏∞‡∏à‡∏Å‡πÑ‡∏°‡πà‡πÄ‡∏Ç‡πâ‡∏≤‡∏Å‡∏±‡∏ö‡∏£‡∏ñ‡πÄ‡∏•‡∏¢ ‡∏ú‡∏°‡∏à‡∏∞‡∏ã‡∏∑‡πâ‡∏≠‡πÅ‡∏ô‡πà‡∏ô‡∏≠‡∏ô,"negative 
",0.7390410900115967
‡∏™‡∏ß‡∏¢ ‡∏£‡∏≤‡∏Ñ‡∏≤‡πÄ‡∏ó‡πà‡∏≤‡πÑ‡∏´‡∏£‡πà‡∏Ñ‡∏∞ ‡∏ó‡∏î‡∏•‡∏≠‡∏á‡∏Ç‡∏±‡∏ö‡πÑ‡∏î‡πâ‡∏ó‡∏µ‡πà‡πÑ‡∏´‡∏ô‡∏ö‡πâ‡∏≤‡∏á‡∏Ñ‡∏∞,"question 
",0.6259262561798096
cf Clarins 2850,"neutral 
",0.6174802780151367
‡∏û‡∏¢‡∏≤‡∏¢‡∏≤‡∏°‡πÉ‡∏ä‡πâ‡∏™‡∏¥‡∏ó‡∏ò‡∏¥‡∏Ç‡∏≠‡∏á‡πÄ‡∏£‡∏≤‡∏≠‡∏¢‡πà‡∏≤‡∏á‡πÄ‡∏ï‡πá‡∏°‡∏ó‡∏µ‡πà‡∏≠‡∏∞ ‡πÅ‡∏ï‡πà‡πÄ‡∏´‡πá‡∏ô‡∏Ç‡πà‡∏≤‡∏ß‡∏ï‡πà‡∏≤‡∏á‡πÜ‡∏ô‡∏≤‡πÜ ‡πÅ‡∏•‡πâ‡∏ß‡πÅ‡∏ö‡∏ö‡∏Ñ‡∏∑‡∏≠‡∏Å‡∏π‡∏ó‡πâ‡∏≠‡∏°‡∏≤‡∏Å‡∏à‡∏£‡∏¥‡∏á‡πÜ ‡∏´‡∏î‡∏´‡∏π‡πà‡∏â‡∏¥‡∏ö‡∏´‡∏≤‡∏¢ ‡πÇ‡∏Å‡∏á‡∏ó‡∏∏‡∏Å‡∏≠‡∏¢‡πà‡∏≤‡∏á‡πÄ‡∏•‡∏¢‡∏°‡∏∂‡∏á‡∏á‡∏á ‡∏ï‡∏±‡πâ‡∏á‡πÅ‡∏ï‡πà‡∏ß‡∏±‡∏ô‡πÅ‡∏£‡∏Å‡∏à‡∏ô‡∏ô‡∏≤‡∏ó‡∏µ‡∏™‡∏∏‡∏î‡∏ó‡πâ‡∏≤‡∏¢,"negative 
",0.7842552661895752
‡∏≠‡∏µ‡∏ä‡∏¥‡∏ö‡∏´‡∏≤‡∏¢ ‡∏Å‡∏π‡∏ö‡∏¥‡∏î‡∏à‡∏µ‡∏ß‡∏≠‡∏á‡∏ä‡∏µ‡πà‡∏≠‡∏µ‡∏Å‡πÅ‡∏•‡πâ‡∏ß,"negative 
",0.7849645614624023
‡πÅ‡∏Ñ‡πà‡∏ö‡∏∏‡∏´‡∏£‡∏µ‡πà‡πÑ‡∏ü‡∏ü‡πâ‡∏≤‡πÑ‡∏≠‡∏Ñ‡∏ß‡∏¢ ‡πÑ‡∏°‡πà‡πÑ‡∏î‡πâ‡πÑ‡∏õ‡∏ï‡∏±‡πâ‡∏á‡∏î‡πà‡∏≤‡∏ô‡∏´‡∏≤‡∏Ñ‡πà‡∏≤‡∏Ç‡πà‡∏≤‡∏ß ‡πÑ‡∏°‡πà‡πÑ‡∏î‡πâ‡∏£‡∏±‡∏ö‡πÉ‡∏ï‡πâ‡πÇ‡∏ï‡πä‡∏∞‡πÄ‡∏õ‡∏¥‡∏î‡∏ö‡πà‡∏≠‡∏ô‡πÑ‡∏Æ‡πÇ‡∏• ‡πÑ‡∏°‡πà‡πÑ‡∏î‡πâ‡∏à‡∏±‡∏ö‡∏¢‡∏≤‡πÅ‡∏•‡∏∞‡∏£‡∏±‡∏ö 10000 ‡∏ô‡∏∂‡∏á‡∏ô‡∏∞‡πÑ‡∏≠‡πâ‡∏™‡∏±‡∏Å‡∏°‡∏∂‡∏á‡∏ñ‡∏∂‡∏á‡πÑ‡∏õ‡∏ó‡∏≥‡∏Å‡∏∞‡πÄ‡∏Ñ‡πâ‡∏≤‡πÅ‡∏ö‡∏ö‡∏ô‡∏±‡πâ‡∏ô‡πÑ‡∏≠‡πâ‡∏´‡∏ô‡πâ‡∏≤‡∏´‡∏¥ ‡∏ï‡πâ‡∏≠‡∏á‡πÄ‡∏•‡∏µ‡∏¢‡∏Å‡∏û‡∏ß‡∏Å‡∏°‡∏±‡∏ô‡∏ß‡πà‡∏≤‡∏´‡∏°‡∏≤,"negative 
",0.6406786441802979
‡πÅ‡∏ï‡πà‡∏£‡πâ‡∏≤‡∏ô‡∏ô‡∏µ‡πâ‡∏≠‡∏≤‡∏´‡∏≤‡∏£‡∏≠‡∏£‡πà‡∏≠‡∏¢‡∏à‡∏£‡∏¥‡∏á‡πÜ ‡∏ó‡∏∏‡∏Å‡πÄ‡∏°‡∏ô‡∏π‡πÄ‡∏•‡∏¢ ‡∏ó‡∏±‡πâ‡∏á‡∏ã‡∏µ‡πà‡πÇ‡∏Ñ‡∏£‡∏á‡∏ã‡∏≠‡∏™ bbq ‡∏Ç‡πâ‡∏≤‡∏ß‡∏ú‡∏±‡∏î‡∏´‡∏°‡∏π‡πÄ‡∏Ñ‡πá‡∏° ‡∏¢‡∏≥‡∏Å‡πâ‡∏≤‡∏ô‡∏Ñ‡∏∞‡∏ô‡πâ‡∏≤ ‡πÇ‡∏î‡∏¢‡πÄ‡∏â‡∏û‡∏≤‡∏∞‡∏´‡∏°‡∏µ‡πà‡∏ú‡∏±‡∏î‡∏Å‡∏£‡∏∞‡πÄ‡∏â‡∏î ‡∏£‡πâ‡∏≤‡∏ô‡∏ö‡∏≠‡∏Å‡πÄ‡∏´‡∏°‡∏≤‡∏°‡∏≤‡∏ó‡∏±‡πâ‡∏á‡∏ï‡∏•‡∏≤‡∏î‡∏Å‡πá‡∏¢‡∏±‡∏á‡πÑ‡∏°‡πà‡∏û‡∏≠ ‡∏ï‡πâ‡∏≠‡∏á‡∏£‡∏µ‡∏ö‡∏™‡∏±‡πà‡∏á‡∏Å‡∏•‡∏±‡∏ß‡∏´‡∏°‡∏î üòÇ,"positive 
",0.5825519561767578
‡∏Ç‡∏≠‡πÑ‡∏Å‡πà‡∏ï‡∏±‡∏ß‡∏ô‡∏∞,"neutral 
",0.6713297367095947
‡∏ô‡∏¥‡∏™‡∏™‡∏±‡∏ô mrach,"neutral 
",0.6305878162384033
‡∏à‡∏∞‡∏Å‡∏•‡πâ‡∏≤‡∏Å‡∏¥‡∏ô‡∏ö‡∏≤‡∏£‡πå‡∏ö‡∏¥‡∏Ñ‡∏¥‡∏ß‡∏û‡∏•‡∏≤‡∏ã‡πà‡∏≤‡∏°‡∏±‡πâ‡∏¢ ‡∏Æ‡∏∑‡∏≠‡∏≠‡∏≠,"negative 
",0.6930725574493408
ysl ‡πÑ‡∏°‡πà‡πÄ‡∏Ñ‡∏¢‡∏•‡∏≠‡∏á‡∏≠‡∏∞ ‡πÅ‡∏ï‡πà‡πÄ‡∏≠‡∏™‡πÄ‡∏ï‡πà‡∏û‡∏µ‡πà‡πÉ‡∏ä‡πà‡∏ï‡∏≠‡∏ô‡πÅ‡∏ö‡∏ö ‡πÑ‡∏õ‡∏á‡∏≤‡∏ô‡∏ï‡∏≤‡∏°‡∏£‡∏£ ‡∏≠‡∏∞,"neutral 
",0.8722262382507324
‡πÄ‡∏Ñ‡πâ‡∏≤‡∏≠‡∏¢‡∏≤‡∏Å‡∏Å‡∏¥‡∏ô‡∏ö‡∏≤‡∏ö‡∏µ‡∏Å‡πâ‡∏≠‡∏ô‡∏ô‡∏ô,"positive 
",0.6303305625915527
‡∏≠‡∏¢‡∏≤‡∏Å‡∏Å‡∏µ‡∏ã‡πâ‡∏≤‡∏¢,"neutral 
",0.6229972839355469
Kulov ‡∏ô‡∏µ‡πà‡∏ß‡πà‡∏≤‡∏°‡∏±‡∏ô‡∏´‡∏ß‡∏≤‡∏ô‡πÑ‡∏õ‡πä,"negative 
",0.607163667678833
‡πÅ‡∏õ‡πâ‡∏á‡∏ù‡∏∏‡πà‡∏ô‡∏®‡∏£‡∏µ‡∏à‡∏±‡∏ô‡∏ó‡∏£‡πå,"neutral 
",0.6549365520477295
‡∏ï‡∏£.‡∏Å‡∏±‡∏Å‡∏ï‡∏±‡∏ß‡πÄ‡∏£‡∏≤‡πÑ‡∏ß‡πâ‡∏ó‡∏µ‡πà ‡∏™‡∏ô.‡πÑ‡∏°‡πà‡πÄ‡∏Å‡∏∑‡∏≠‡∏ô48 ‡∏ä‡∏°.‡πÅ‡∏•‡πâ‡∏ß‡πÄ‡∏Ç‡∏≤‡∏à‡∏∞‡∏™‡πà‡∏á‡πÄ‡∏£‡∏≤‡πÑ‡∏õ‡∏®‡∏≤‡∏•‡πÄ‡∏û‡∏∑‡πà‡∏≠‡∏™‡πà‡∏á‡∏ï‡∏±‡∏ß‡∏ù‡∏≤‡∏Å‡∏Ç‡∏±‡∏á4‡∏ú‡∏•‡∏±‡∏î ‡∏ú‡∏•‡∏±‡∏î‡∏•‡∏∞12‡∏ß‡∏±‡∏ô,"negative 
",0.7027580738067627
‡πÅ‡∏õ‡∏î‡∏£‡∏¥‡πâ‡∏ß,"neutral 
",1.129854679107666
‡∏à‡∏£‡∏¥‡∏á‡∏á‡∏á ‡∏•‡∏î‡πÅ‡∏Ñ‡πà‡∏ô‡πâ‡∏≥ ‡∏≠‡∏µ‡∏™‡πä‡∏≤‡∏Å‡∏î‡∏î,"negative 
",0.6538577079772949
https://shopee.co.th/ekk663 ‡∏Å‡∏±‡∏ô‡πÅ‡∏î‡∏î Biore ‡∏ñ‡∏π‡∏Å‡∏™‡∏∏‡∏î,"positive 
",0.7221379280090332
‡∏≠‡∏¢‡∏≤‡∏Å‡∏´‡∏ô‡∏µ‡∏´‡∏ô‡πâ‡∏≤‡∏£‡πâ‡∏≠‡∏ô‡πÑ‡∏õ‡∏≠‡∏¢‡∏π‡πà‡∏´‡πâ‡∏≤‡∏á‡∏Ñ‡πà‡∏∞ ‡πÅ‡∏≠‡∏£‡πå‡∏ü‡∏£‡∏µ‡πÑ‡∏°‡πà‡πÄ‡∏™‡∏µ‡∏¢‡∏ï‡∏±‡∏á‡∏î‡πâ‡∏ß‡∏¢ 55 ü§£ #‡∏£‡πâ‡∏≠‡∏ô‡∏ô‡∏µ‡πâ‡πÑ‡∏°‡πà‡∏°‡∏µ‡πÄ‡∏¢‡∏¥‡πâ‡∏° #kmacosmetics,"positive 
",0.6124362945556641
‡πÄ‡∏û‡∏∑‡πà‡∏≠‡∏ô‡∏°‡∏µ‡∏õ‡∏±‡∏ç‡∏´‡∏≤‡∏ô‡∏≠‡∏ô‡πÑ‡∏°‡πà‡∏´‡∏•‡∏±‡∏ö‡πÄ‡∏û‡∏£‡∏≤‡∏∞‡∏Å‡∏•‡∏±‡∏ß‡∏ß‡∏±‡∏ô‡∏ô‡∏±‡πâ‡∏ô‡∏Ç‡∏≠‡∏á‡πÄ‡∏î‡∏∑‡∏≠‡∏ô‡πÄ‡∏•‡∏≠‡∏∞‡∏ã‡∏∂‡∏°‡πÄ‡∏õ‡∏∑‡πâ‡∏≠‡∏ô‡πÉ‡∏ä‡πà‡∏°‡∏∞? ‡∏≠‡∏¢‡πà‡∏≤‡∏Å‡∏±‡∏á‡∏ß‡∏•‡∏≠‡∏¢‡πà‡∏≤‡πÄ‡∏Ñ‡∏£‡∏µ‡∏¢‡∏î‡πÑ‡∏õ ‡πÄ‡∏û‡∏£‡∏≤‡∏∞‡∏ß‡∏±‡∏ô‡∏ô‡∏µ‡πâ‡∏≠‡∏¢‡∏≤‡∏Å‡πÉ‡∏´‡πâ‡∏°‡∏≤‡∏•‡∏≠‡∏á‡πÉ‡∏ä‡πâ ‡∏•‡∏≠‡∏£‡∏µ‡πÄ‡∏≠‡∏∞ ‡∏ã‡∏≠‡∏ü‡∏ó‡πå‡πÅ‡∏≠‡∏ô‡∏î‡πå‡πÄ‡∏ã‡∏ü ‡πÄ‡∏≠‡πá‡∏Å‡∏ã‡πå‡∏ï‡∏£‡πâ‡∏≤‡πÇ‡∏û‡πÄ‡∏ó‡∏Ñ‡∏ä‡∏±‡πà‡∏ô ‡πÅ‡∏≠‡∏ô‡∏ï‡∏µ‡πâ‡πÅ‡∏ö‡∏ó‡∏µ‡πÄ‡∏£‡∏µ‡∏¢ ‡πÅ‡∏ö‡∏ö‡∏Å‡∏•‡∏≤‡∏á‡∏Ñ‡∏∑‡∏ô ‡πÅ‡∏ú‡πà‡∏ô‡πÄ‡∏î‡∏µ‡∏¢‡∏ß‡∏Ñ‡∏£‡∏ö‡∏à‡∏ö‡πÄ‡∏•‡∏¢ ‡∏ó‡∏±‡πâ‡∏á‡∏ä‡πà‡∏ß‡∏¢‡∏•‡∏î‡∏Å‡∏≤‡∏£‡∏™‡∏∞‡∏™‡∏°‡∏Ç‡∏≠‡∏á‡πÅ‡∏ö‡∏Ñ‡∏ó‡∏µ‡πÄ‡∏£‡∏µ‡∏¢ ‡∏Å‡∏•‡∏¥‡πà‡∏ô‡∏≠‡∏±‡∏ö‡∏ä‡∏∑‡πâ‡∏ô ‡∏Å‡∏±‡∏ô‡∏ã‡∏∂‡∏°‡πÄ‡∏õ‡∏∑‡πâ‡∏≠‡∏ô‡∏î‡πâ‡∏≤‡∏ô‡∏´‡∏•‡∏±‡∏á ‡πÄ‡∏•‡∏¥‡∏®‡∏°‡∏≤‡∏Å ‡∏ä‡∏ô‡∏∞‡πÄ‡∏•‡∏¥‡∏®üéàüéâ‚úåüëç ‡∏°‡∏≤‡∏•‡∏≠‡∏á‡πÉ‡∏ä‡πâ‡∏î‡∏π ‡∏Ç‡∏≠‡∏á‡πÄ‡∏Ç‡∏≤‡∏î‡∏µ‡∏à‡∏£‡∏¥‡∏á‡πÜ,"positive 
",0.6498239040374756
‡∏à‡∏±‡∏î‡∏î‡∏î‡∏î‡∏î‡∏î,"neutral 
",0.6603121757507324
‚Äú‡∏à‡∏£‡∏¥‡∏á‡πÜ‡∏ú‡∏°‡∏ä‡∏≠‡∏ö‡πÄ‡∏•‡πà‡∏ô‡∏î‡∏ô‡∏ï‡∏£‡∏µ‡∏°‡∏≤‡∏Å‡∏Å‡∏ß‡πà‡∏≤‡∏£‡πâ‡∏≠‡∏á‡πÄ‡∏û‡∏•‡∏á‡∏≠‡∏¢‡∏π‡πà‡πÅ‡∏•‡πâ‡∏ß ‡∏ú‡∏°‡∏≠‡∏≤‡∏à‡∏à‡∏∞‡πÄ‡∏õ‡πá‡∏ô‡∏Ñ‡∏ô‡∏ó‡∏µ‡πà‡∏Ç‡∏µ‡πâ‡∏≠‡∏≤‡∏¢‡∏≠‡∏¢‡∏π‡πà‡πÅ‡∏•‡πâ‡∏ß‡∏ú‡∏°‡∏à‡∏≥‡πÑ‡∏°‡πà‡πÑ‡∏î‡πâ‡∏ß‡πà‡∏≤‡∏ó‡∏≥‡πÑ‡∏°‡∏ú‡∏°‡∏ñ‡∏∂‡∏á‡πÄ‡∏£‡∏¥‡πà‡∏°‡πÄ‡∏•‡πà‡∏ô‡∏î‡∏ô‡∏ï‡∏£‡∏µ ‡πÅ‡∏ï‡πà‡∏Å‡∏≤‡∏£‡πÄ‡∏•‡πà‡∏ô‡∏î‡∏ô‡∏ï‡∏£‡∏µ‡πÄ‡∏õ‡πá‡∏ô‡∏Å‡∏≤‡∏£‡∏™‡∏£‡πâ‡∏≤‡∏á‡∏≠‡∏µ‡∏Å‡πÄ‡∏™‡∏µ‡∏¢‡∏á‡∏ô‡∏∂‡∏á‡∏Ç‡∏∂‡πâ‡∏ô‡∏°‡∏≤‡πÄ‡∏û‡∏∑‡πà‡∏≠‡∏ó‡∏µ‡πà‡∏à‡∏∞‡∏≠‡∏¢‡∏π‡πà‡∏Å‡∏±‡∏ö‡πÄ‡∏£‡∏≤ ‡πÅ‡∏•‡πâ‡∏ß‡πÄ‡∏™‡∏µ‡∏¢‡∏á‡∏ô‡∏±‡πâ‡∏ô‡∏î‡∏±‡∏ô‡πÄ‡∏õ‡πá‡∏ô‡∏≠‡∏µ‡∏Å‡πÄ‡∏™‡∏µ‡∏¢‡∏á‡∏ó‡∏µ‡πà‡πÄ‡∏£‡∏≤‡∏ä‡∏≠‡∏ö ‡∏ú‡∏°‡πÄ‡∏•‡∏¢‡πÄ‡∏£‡∏¥‡πà‡∏°‡∏ó‡∏µ‡πà‡∏à‡∏∞‡∏ó‡∏≥‡πÄ‡∏û‡∏•‡∏á‡πÄ‡∏≠‡∏á‡∏ï‡∏±‡πâ‡∏á‡πÅ‡∏ï‡πà‡∏ï‡∏≠‡∏ô‡∏ô‡∏±‡πâ‡∏ô‚Äù . The Toys ‡∏ó‡∏≠‡∏¢-‡∏ò‡∏±‡∏ô‡∏ß‡∏≤ ‡∏ö‡∏∏‡∏ç‡∏™‡∏π‡∏á‡πÄ‡∏ô‡∏¥‡∏ô . ‡∏ï‡∏¥‡∏î‡∏ï‡∏≤‡∏°‡∏Ñ‡∏•‡∏¥‡∏õ‡πÄ‡∏ï‡πá‡∏°‡πÜ‡πÑ‡∏î‡πâ‡∏ó‡∏µ‡πà : https://www.facebook.com/thisisthetoys/videos/368843080254968/ . #FearlessJourney #JamesonThailand #TheTOYS #Whattheduckmusic #DrinkResponsibly The TOYS Whattheduck,"positive 
",0.6481966972351074
‡πÇ‡∏≠‡πÄ‡∏Ñ‡∏Ñ‡πà‡∏∞ ‡∏Ç‡∏≠‡∏ö‡∏Ñ‡∏∏‡∏ì‡∏ô‡∏∞‡∏Ñ‡∏∞,"positive 
",0.6573493480682373
‡∏ï‡πâ‡∏≠‡∏á‡πÑ‡∏õ‡πÅ‡∏•‡πâ‡∏ß‡∏ß‡∏±‡∏ô‡∏û‡πà‡∏≠‡∏ô‡∏µ‡πâ,"neutral 
",0.6268646717071533
"‡∏ï‡∏≠‡∏ô‡∏ô‡∏µ‡πâ‡∏≠‡∏¢‡∏π‡πà‡∏ó‡∏µ‡πà‡∏á‡∏≤‡∏ô‡πÅ‡∏•‡πâ‡∏ß‡∏ô‡∏∞‡∏Ñ‡∏∞ ‡∏ï‡∏≠‡∏ô‡∏ô‡∏µ‡πâ‡∏≠‡∏¢‡∏π‡πà‡∏Å‡∏±‡∏ö Foolboy, ‡∏Ç‡πâ‡∏≤‡∏ß‡∏õ‡∏±‡πâ‡∏ô ‡πÅ‡∏•‡∏∞‡πÅ‡∏≠‡∏î‡∏ü‡πâ‡∏≤‡∏Ñ‡πà‡∏∞ ‡∏≠‡∏¢‡∏π‡πà‡∏£‡πâ‡∏≤‡∏ô‡πÅ‡∏°‡πá‡∏Ñ‡πÇ‡∏î‡∏ô‡∏±‡∏•‡∏ã‡∏µ‡∏Ñ‡∏≠‡∏ô‡∏ö‡∏≤‡∏á‡πÅ‡∏Ñ ‡πÅ‡∏ß‡∏∞‡∏°‡∏≤‡∏´‡∏≤‡πÑ‡∏î‡πâ‡∏à‡πâ‡∏≤ //Nameless-san","positive 
",0.642200231552124
‡∏ò‡∏ô‡∏≤‡∏Ñ‡∏≤‡∏£‡πÅ‡∏Ç‡πà‡∏á‡∏Å‡∏≤‡∏£‡∏õ‡∏•‡πà‡∏≠‡∏¢‡∏Å‡πá‡∏ã‡∏∑‡πâ‡∏≠‡∏Ñ‡∏≠‡∏ô‡πÇ‡∏î‡∏à‡∏ô‡∏î‡∏µ‡∏°‡∏≤‡∏ô‡∏Å‡∏±‡∏ö‡∏ã‡∏±‡∏ö‡∏û‡∏•‡∏≤‡∏¢‡πÑ‡∏°‡πà‡∏™‡∏≠‡∏î‡∏Ñ‡∏•‡πâ‡∏≠‡∏á‡∏Å‡∏±‡∏ô ‡∏£‡∏≤‡∏Ñ‡∏≤‡∏Å‡πá‡∏™‡∏π‡∏á‡πÑ‡∏õ‡∏î‡∏¥,"negative 
",0.628007173538208
‡∏û‡∏¥‡∏ò‡∏µ‡∏ö‡∏£‡∏°‡∏£‡∏≤‡∏ä‡∏≤‡∏†‡∏¥‡πÄ‡∏©‡∏Å 4-6 ‡∏û.‡∏Ñ. ‡πÄ‡∏ä‡∏∑‡πà‡∏≠‡∏™‡∏¥‡∏ß‡πà‡∏≤‡∏ö‡∏£‡∏¥‡∏©‡∏±‡∏ó‡∏ï‡πâ‡∏≠‡∏á‡∏õ‡∏£‡∏∞‡∏Å‡∏≤‡∏®‡∏ß‡∏±‡∏ô‡∏´‡∏¢‡∏∏‡∏î ‡πÅ‡∏•‡πâ‡∏ß‡∏ñ‡πâ‡∏≤‡πÄ‡∏£‡∏≤‡∏•‡∏≤‡πÄ‡∏û‡∏¥‡πà‡∏°‡∏ß‡∏±‡∏ô‡∏ó‡∏µ‡πà 2-3 ‡πÄ‡∏£‡∏≤‡∏Å‡πá‡∏à‡∏∞‡πÑ‡∏î‡πâ‡∏´‡∏¢‡∏∏‡∏î 1-6 ‡∏û.‡∏Ñ. ‡∏£‡∏ß‡∏° 6 ‡∏ß‡∏±‡∏ô‡πÄ‡∏•‡∏¢‡∏ô‡∏∞‡πÄ‡∏ß‡πâ‡∏¢‡∏¢‡∏¢‡∏¢‡∏¢‡∏¢,"positive 
",0.6732602119445801
‡∏ï‡∏±‡∏ß‡πÄ‡∏≠‡∏á‡∏≠‡∏±‡∏ô‡∏ô‡∏µ‡πâ‡∏´‡∏£‡πà‡∏≠‡∏¢‡∏Å‡∏ß‡πà‡∏≤ MK ‡∏≠‡∏µ‡∏Å‡∏ô‡πà‡∏≤‡∏Å‡∏¥‡∏ô‡∏ô‡∏ô‡∏ô‡∏ô,"positive 
",0.6741065979003906
‡∏¢‡∏∏‡πÑ‡∏´‡∏ô,"neutral 
",0.7628200054168701
‡πÅ‡∏ñ‡∏ß‡∏°‡∏≠.~,"neutral 
",0.6387941837310791
‡∏ú‡∏°‡∏Å‡πá‡πÉ‡∏ä‡πâ Mazda 3 ‡∏ï‡∏±‡∏ß‡∏Å‡πà‡∏≠‡∏ô Sky ‡∏°‡∏≤‡∏Å‡πà‡∏≠‡∏ô‡∏Ñ‡∏£‡∏±‡∏ö ‡∏Å‡πà‡∏≠‡∏ô‡∏à‡∏∞‡∏°‡∏≤‡∏≠‡∏≠‡∏Å CX-5 ‡∏ï‡∏±‡∏ß‡πÉ‡∏´‡∏°‡πà ‡∏Ç‡∏±‡∏ö‡∏™‡∏ö‡∏≤‡∏¢‡∏Ç‡∏∂‡πâ‡∏ô‡πÄ‡∏¢‡∏≠‡∏∞‡∏°‡∏≤‡∏Å ‡πÄ‡∏ó‡∏µ‡∏¢‡∏ö‡∏Å‡∏±‡∏ö Accord G9 ‡∏Ç‡∏≠‡∏á‡∏ô‡πâ‡∏≠‡∏á‡∏ä‡∏≤‡∏¢‡πÅ‡∏ñ‡∏ß‡∏™‡∏≠‡∏á Accord ‡∏ô‡∏±‡πà‡∏á‡∏™‡∏ö‡∏≤‡∏¢‡∏Å‡∏ß‡πà‡∏≤ ‡πÅ‡∏ï‡πà‡∏Ç‡∏±‡∏ö‡∏Ç‡∏µ‡πà‡πÅ‡∏¢‡πà‡∏Å‡∏ß‡πà‡∏≤‡∏Ñ‡∏£‡∏±‡∏ö,"positive 
",0.6212911605834961
‡πÅ‡∏à‡πâ‡∏á‡∏õ‡∏±‡∏ç‡∏´‡∏≤‡πÉ‡∏´‡πâ‡∏ó‡∏≤‡∏á ‡∏•‡πá‡∏≠‡∏Ñ‡πÄ‡∏ó‡∏Ñ ‡∏ß‡∏¥‡∏™‡∏¥‡∏ê‡∏•‡πá‡∏≠‡∏Ñ ‡πÑ‡∏î‡πâ‡∏£‡∏±‡∏ö‡∏ó‡∏£‡∏≤‡∏ö ‡πÄ‡∏ô‡∏∑‡πà‡∏≠‡∏á‡∏î‡πâ‡∏ß‡∏¢‡∏ú‡∏°‡πÑ‡∏î‡πâ‡∏ï‡∏¥‡∏î‡∏ï‡∏±‡πâ‡∏á ‡∏•‡πá‡∏≠‡∏Å‡πÄ‡∏ó‡∏Ñ‡∏Å‡∏•‡πà‡∏≠‡∏á‡∏ü‡πâ‡∏≤ ‡∏Å‡∏±‡∏ö‡∏ó‡∏≤‡∏á ‡∏ß‡∏¥‡∏™‡∏¥‡∏ê‡∏•‡πá‡∏≠‡∏Ñ ‡πÉ‡∏ô‡∏£‡∏ñ‡∏£‡∏∏‡πà‡∏ô Toyota Fortuner TRD 2017 ‡∏°‡∏µ‡∏õ‡∏±‡∏ç‡∏´‡∏≤‡∏ï‡∏£‡∏á‡∏™‡∏≤‡∏¢‡∏ï‡∏±‡∏î Start ‡∏£‡∏ñ ‡∏≠‡∏≤‡∏Å‡∏≤‡∏£ ‡∏Ñ‡∏∑‡∏≠ ‡∏ó‡∏≥‡πÉ‡∏´‡πâ‡πÑ‡∏ü‡∏´‡∏ô‡πâ‡∏≤‡∏õ‡∏±‡∏î‡∏£‡∏ñ‡πÅ‡∏à‡πâ‡∏á‡πÄ‡∏ï‡∏∑‡∏≠‡∏ô‡∏£‡∏∞‡∏ö‡∏ö TRC+ABS ‡πÅ‡∏à‡πâ‡∏á‡πÄ‡∏ï‡∏∑‡∏≠‡∏ô‡∏Ç‡∏∂‡πâ‡∏ô‡∏°‡∏≤ ‡∏ú‡∏°‡πÑ‡∏î‡πâ‡πÉ‡∏´‡πâ‡∏ó‡∏≤‡∏á‡∏®‡∏π‡∏ô‡∏¢‡πå Toyota ‡∏ï‡∏£‡∏ß‡∏à‡∏™‡∏≠‡∏ö ‡πÅ‡∏•‡∏∞‡∏ó‡∏≥‡∏Å‡∏≤‡∏£‡πÅ‡∏Å‡πâ‡πÑ‡∏Ç ‡∏ó‡∏≤‡∏á Toyota ‡πÅ‡∏Å‡πâ‡πÇ‡∏î‡∏¢‡∏ï‡πà‡∏≠‡∏™‡∏≤‡∏¢ Start ‡∏£‡∏ñ‡πÄ‡∏î‡∏¥‡∏°‡πÜ ‡πÄ‡∏Ç‡πâ‡∏≤‡∏õ‡∏∏‡πà‡∏°‡∏Å‡∏î Start ‡∏£‡∏ñ‡πÉ‡∏´‡πâ‡πÄ‡∏´‡∏°‡∏∑‡∏≠‡∏ô‡πÄ‡∏Å‡πà‡∏≤‡∏ó‡∏µ‡πà‡∏≠‡∏≠‡∏Å‡∏à‡∏≤‡∏Å‡πÇ‡∏£‡∏á‡∏á‡∏≤‡∏ô ‡πÉ‡∏ä‡πâ‡∏á‡∏≤‡∏ô‡πÑ‡∏î‡πâ‡∏õ‡∏Å‡∏ï‡∏¥ ‡πÑ‡∏ü‡πÄ‡∏ï‡∏∑‡∏≠‡∏ô‡πÑ‡∏°‡πà‡πÇ‡∏ä‡∏ß‡πå ‡πÅ‡∏•‡πâ‡∏ß‡∏Ñ‡∏£‡∏±‡∏ö ‡∏à‡∏∂‡∏á‡πÅ‡∏à‡πâ‡∏á‡∏°‡∏≤‡πÉ‡∏´‡πâ‡∏ó‡∏£‡∏≤‡∏ö‡∏Ñ‡∏£‡∏±‡∏ö,"negative 
",0.7001490592956543
‡∏°‡∏±‡∏ô‡πÑ‡∏°‡πà‡πÉ‡∏ä‡πà‡πÑ‡∏Ç‡πà‡∏û‡∏¢‡∏≤‡∏ò‡∏¥ #‡πÅ‡∏ï‡πà‡∏°‡∏±‡∏ô‡∏Ñ‡∏∑‡∏≠‡∏ï‡∏±‡∏ß‡∏≠‡πà‡∏≠‡∏ô‡∏û‡∏¢‡∏≤‡∏ò‡∏¥‡πÄ‡∏•‡∏¢!!!!!!!! https://m.facebook.com/story.php?story_fbid=10154963647346455&id=51620386454,"negative 
",0.6417808532714844
‡∏õ‡πà‡∏∞‡πÜ‡πÜ‡∏Å‡∏¥‡∏ô‡∏Å‡∏±‡∏ô,"positive 
",0.661168098449707
‡∏•‡∏π‡∏Å‡∏Ñ‡πâ‡∏≤‡πÄ‡∏Å‡πà‡∏≤‡∏ó‡∏£‡∏π‡πÑ‡∏ü‡πÄ‡∏ö‡∏≠‡∏£‡πå ‡∏ì ‡∏ß‡∏±‡∏ô‡∏ô‡∏µ‡πâ ‡∏Å‡πá‡πÑ‡∏°‡πà‡πÄ‡∏Ñ‡∏¢‡∏°‡∏µ‡∏Å‡∏≤‡∏£‡∏≠‡∏±‡∏û‡πÄ‡∏Å‡∏£‡∏î‡πÉ‡∏´‡πâ‡∏•‡∏π‡∏Å‡∏Ñ‡πâ‡∏≤‡πÄ‡∏Å‡πà‡∏≤‡πÄ‡∏•‡∏¢ ‡∏≠‡∏≠‡∏Å‡πÇ‡∏õ‡∏£‡πÉ‡∏´‡∏°‡πà‡πÜ ‡πÄ‡∏û‡∏∑‡πà‡∏≠‡∏•‡∏π‡∏Å‡∏Ñ‡πâ‡∏≤‡πÉ‡∏´‡∏°‡πà‡∏≠‡∏¢‡πà‡∏≤‡∏á‡πÄ‡∏î‡∏µ‡∏¢‡∏ß‡∏´‡∏£‡∏≠‡∏Ñ‡∏£‡∏±‡∏ö,"negative 
",0.6093823909759521
‡∏Ñ‡∏á‡∏ï‡πâ‡∏≠‡∏á‡πÄ‡∏≠‡∏≤ mu-x ‡πÑ‡∏õ‡πÅ‡∏•‡πâ‡∏ß‡∏•‡∏∞ üò≤üò≤üò≤,"neutral 
",0.6273150444030762
"‡πÅ‡∏à‡∏Å‡∏à‡∏£‡∏¥‡∏á ‡πÅ‡∏ï‡∏Å‡∏à‡∏£‡∏¥‡∏á! ‡∏•‡∏∏‡πâ‡∏ô‡∏£‡∏±‡∏ö‡∏ö‡∏±‡∏ï‡∏£‡∏ä‡∏°‡∏°‡∏ß‡∏¢‡πÑ‡∏ó‡∏¢‡∏¢‡∏Å‡πÄ‡∏î‡∏µ‡∏¢‡∏ß ‡πÄ‡∏£‡∏µ‡∏¢‡∏• ‡∏Æ‡∏µ‡πÇ‡∏£‡πà ‡∏û‡∏£‡πâ‡∏≠‡∏°‡∏Å‡∏≤‡∏á‡πÄ‡∏Å‡∏á‡∏°‡∏ß‡∏¢‡∏™‡∏∏‡∏î‡∏•‡∏¥‡∏°‡∏¥‡πÄ‡∏ï‡πá‡∏î ‡∏Ñ‡∏£‡∏±‡πâ‡∏á‡πÅ‡∏£‡∏Å‡∏Ç‡∏≠‡∏á‡∏ß‡∏á‡∏Å‡∏≤‡∏£‡∏°‡∏ß‡∏¢‡πÑ‡∏ó‡∏¢ ‡∏™‡∏≥‡∏´‡∏£‡∏±‡∏ö‡∏ó‡∏±‡∏ß‡∏£‡πå‡∏ô‡∏≤‡πÄ‡∏°‡∏ô‡∏ï‡πå‡πÅ‡∏ö‡∏ö‡∏ï‡πà‡∏≠‡∏¢‡∏¢‡∏Å‡πÄ‡∏î‡∏µ‡∏¢‡∏ß 5 ‡∏ô‡∏≤‡∏ó‡∏µ ‡∏ö‡∏ô‡πÄ‡∏ß‡∏ó‡∏µ‡πÅ‡∏ö‡∏ö 8 ‡πÄ‡∏´‡∏•‡∏µ‡πà‡∏¢‡∏° ‡πÉ‡∏ô‡∏Å‡∏≤‡∏£‡πÅ‡∏Ç‡πà‡∏á‡∏Ç‡∏±‡∏ô ‚Äú‡∏®‡∏∂‡∏Å‡∏ä‡πâ‡∏≤‡∏á‡∏°‡∏ß‡∏¢‡πÑ‡∏ó‡∏¢ Real Hero‚Äù ThaiBev ThaiTalent ‡∏°‡∏µ‡∏ö‡∏±‡∏ï‡∏£‡πÄ‡∏Ç‡πâ‡∏≤‡∏ä‡∏°‡πÅ‡∏•‡∏∞‡∏Å‡∏≤‡∏á‡πÄ‡∏Å‡∏á‡∏°‡∏ß‡∏¢‡∏à‡∏≤‡∏Å CHANG ‡∏°‡∏≤‡πÅ‡∏à‡∏Å ‡πÉ‡∏Ñ‡∏£‡∏™‡∏ô‡πÉ‡∏à‡∏≠‡∏¢‡∏≤‡∏Å‡∏™‡∏±‡∏°‡∏ú‡∏±‡∏™‡∏õ‡∏£‡∏∞‡∏™‡∏ö‡∏Å‡∏≤‡∏£‡∏ì‡πå‡∏°‡∏ß‡∏¢‡πÑ‡∏ó‡∏¢‡∏£‡∏π‡∏õ‡πÅ‡∏ö‡∏ö‡πÉ‡∏´‡∏°‡πà‡πÄ‡∏õ‡πá‡∏ô‡∏ó‡πà‡∏≤‡∏ô‡πÅ‡∏£‡∏Å ‡πÄ‡∏û‡∏µ‡∏¢‡∏á‡∏ï‡∏≠‡∏ö‡∏Ñ‡∏≥‡∏ñ‡∏≤‡∏°‡∏á‡πà‡∏≤‡∏¢‡πÜ‡∏ï‡∏≤‡∏°‡∏Å‡∏ï‡∏¥‡∏Å‡∏≤ ‡∏î‡∏±‡∏á‡∏ô‡∏µ‡πâ ‚ñ™ ‡∏Å‡∏î‡πÑ‡∏•‡∏Ñ‡πå‡πÄ‡∏û‡∏à‡πÅ‡∏•‡∏∞‡πÅ‡∏ä‡∏£‡πå‡πÇ‡∏û‡∏™‡∏ï‡πå (‡∏™‡∏≤‡∏ò‡∏≤‡∏£‡∏ì‡∏∞) ‚ñ™ ‡∏ï‡∏≠‡∏ö‡∏Ñ‡∏≥‡∏ñ‡∏≤‡∏° ‡πÉ‡∏Ñ‡∏£‡πÄ‡∏õ‡πá‡∏ô‡πÅ‡∏ä‡∏°‡∏õ‡πå‡∏™‡∏±‡∏õ‡∏î‡∏≤‡∏´‡πå‡πÅ‡∏£‡∏Å‡∏Ç‡∏≠‡∏á "" ‡∏®‡∏∂‡∏Å‡∏ä‡πâ‡∏≤‡∏á‡∏°‡∏ß‡∏¢‡πÑ‡∏ó‡∏¢ Real Hero "" ? (‡∏ï‡∏≠‡∏ö‡πÉ‡∏ï‡πâ‡πÇ‡∏û‡∏™‡∏ï‡πå) ‚ñ™ ‡∏£‡πà‡∏ß‡∏°‡∏™‡∏ô‡∏∏‡∏Å‡πÑ‡∏î‡πâ‡∏ï‡∏±‡πâ‡∏á‡πÅ‡∏ï‡πà‡∏ß‡∏±‡∏ô‡∏ô‡∏µ‡πâ ‚Äì ‡∏ß‡∏±‡∏ô‡πÄ‡∏™‡∏≤‡∏£‡πå‡∏ó‡∏µ‡πà 10 ‡∏°‡∏µ‡∏ô‡∏≤‡∏Ñ‡∏° 2561 ‡πÄ‡∏ß‡∏•‡∏≤ 13.00 ‡∏ô. ‚ñ™ ‡∏õ‡∏£‡∏∞‡∏Å‡∏≤‡∏®‡∏ú‡∏•‡∏†‡∏≤‡∏¢‡πÉ‡∏ô‡∏ß‡∏±‡∏ô‡πÄ‡∏™‡∏≤‡∏£‡πå‡∏ó‡∏µ‡πà 10 ‡∏°‡∏µ‡∏ô‡∏≤‡∏Ñ‡∏° 2561 ‡πÄ‡∏ß‡∏•‡∏≤ 16.00‡∏ô. ‚ñ™ ‡∏™‡∏á‡∏ß‡∏ô‡∏™‡∏¥‡∏ó‡∏ò‡∏¥‡πå‡πÄ‡∏â‡∏û‡∏≤‡∏∞‡πÅ‡∏ü‡∏ô‡πÄ‡∏û‡∏à‡∏Ç‡∏≠‡∏á ThaiBev ThaiTalent ‡πÄ‡∏ó‡πà‡∏≤‡∏ô‡∏±‡πâ‡∏ô ‚ñ™ ‡∏ó‡∏≤‡∏á‡∏ó‡∏µ‡∏°‡∏á‡∏≤‡∏ô‡∏à‡∏∞‡∏™‡∏∏‡πà‡∏°‡∏ú‡∏π‡πâ‡πÇ‡∏ä‡∏Ñ‡∏î‡∏µ 5 ‡∏ó‡πà‡∏≤‡∏ô ‡πÅ‡∏•‡∏∞‡∏ú‡∏•‡∏ï‡∏±‡∏î‡∏™‡∏¥‡∏ô‡∏Ç‡∏≠‡∏á‡∏ó‡∏µ‡∏°‡∏á‡∏≤‡∏ô‡∏ñ‡∏∑‡∏≠‡πÄ‡∏õ‡πá‡∏ô‡∏ó‡∏µ‡πà‡∏™‡∏¥‡πâ‡∏ô‡∏™‡∏∏‡∏î ‡∏ú‡∏π‡πâ‡∏ó‡∏µ‡πà‡∏ï‡∏≠‡∏ö‡∏ñ‡∏π‡∏Å‡∏ï‡πâ‡∏≠‡∏á‡πÅ‡∏•‡∏∞‡∏ó‡∏≥‡∏ï‡∏≤‡∏°‡∏Å‡∏ï‡∏¥‡∏Å‡∏≤ ‡∏à‡∏∞‡πÑ‡∏î‡πâ‡∏£‡∏±‡∏ö‡∏ö‡∏±‡∏ï‡∏£‡∏ä‡∏° ‚Äú‡∏®‡∏∂‡∏Å‡∏ä‡πâ‡∏≤‡∏á‡∏°‡∏ß‡∏¢‡πÑ‡∏ó‡∏¢ Real Hero‚Äù ‡πÉ‡∏ô‡∏ß‡∏±‡∏ô‡∏≠‡∏≤‡∏ó‡∏¥‡∏ï‡∏¢‡πå‡∏ó‡∏µ‡πà 11 ‡∏°‡∏µ‡∏ô‡∏≤‡∏Ñ‡∏° 2561 ‡∏ó‡πà‡∏≤‡∏ô‡∏•‡∏∞ 4 ‡∏ó‡∏µ‡πà‡∏ô‡∏±‡πà‡∏á ‡∏û‡∏£‡πâ‡∏≠‡∏°‡∏Å‡∏≤‡∏á‡πÄ‡∏Å‡∏á‡∏°‡∏ß‡∏¢‡∏•‡∏¥‡∏°‡∏¥‡πÄ‡∏ï‡πá‡∏î ‡∏à‡∏≤‡∏Å CHANG ‡∏£‡∏≤‡∏á‡∏ß‡∏±‡∏•‡∏•‡∏∞ 1 ‡∏ï‡∏±‡∏ß ‡∏à‡∏≥‡∏ô‡∏ß‡∏ô 5 ‡∏£‡∏≤‡∏á‡∏ß‡∏±‡∏• #Chang #RealHero #‡∏°‡∏≤‡∏Å‡∏Å‡∏ß‡πà‡∏≤‡∏Å‡∏µ‡∏¨‡∏≤‡∏Ñ‡∏∑‡∏≠‡∏ô‡πâ‡∏≥‡πÉ‡∏à‡∏ô‡∏±‡∏Å‡∏Å‡∏µ‡∏¨‡∏≤ #ThaiBevThaiTalent","positive 
",0.9985535144805908
‡∏ñ‡∏π‡∏Å‡∏Å‡∏Å‡∏Å‡∏Å‡∏Å 5555,"positive 
",18.379963159561157
‡∏£‡∏≤‡∏Ñ‡∏≤‡∏ï‡∏Å‡∏™‡∏≠‡∏á‡∏•‡πâ‡∏≤‡∏ô ‡∏î‡∏π‡∏ï‡∏≤‡∏°‡∏™‡πÄ‡∏õ‡πâ‡∏Ñ‡πÅ‡∏•‡πâ‡∏ß‡∏ô‡πà‡∏≤‡∏à‡∏∞‡πÄ‡∏ó‡∏µ‡∏¢‡∏ö‡∏£‡∏∏‡πà‡∏ô ‡πÄ‡∏ó‡∏µ‡∏¢‡∏ô‡πà‡∏≤‡∏Ñ‡∏±‡∏ö,"negative 
",0.6913681030273438
‡∏Ñ‡πà‡∏≤‡∏ä‡∏∏‡∏î‡∏ô‡πà‡∏≤‡∏à‡∏∞‡πÅ‡∏û‡∏á‡∏Å‡∏ß‡πà‡∏≤‡∏ô‡∏∞‡πÄ‡∏à‡πâ‡∏≤‡∏Ñ‡πà‡∏∞5555,"negative 
",0.6151573657989502
‡∏Ç‡∏≠‡∏ó‡∏£‡∏≤‡∏ö‡∏£‡∏≤‡∏¢‡∏•‡∏∞‡πÄ‡∏≠‡∏µ‡∏¢‡∏î‡∏¢‡∏≤‡∏£‡∏¥‡∏™,"question 
",0.6516623497009277
‡∏ô‡∏±‡∏Å‡∏ß‡∏¥‡∏à‡∏±‡∏¢‡∏™‡∏±‡∏°‡∏†‡∏≤‡∏©‡∏ì‡πå‡∏Ñ‡∏ô‡∏ó‡∏µ‡πà‡πÄ‡∏ä‡∏∑‡πà‡∏≠‡∏ß‡πà‡∏≤‡πÇ‡∏•‡∏Å‡πÅ‡∏ö‡∏ô 30 ‡∏Ñ‡∏ô ‡πÄ‡∏Å‡∏∑‡∏≠‡∏ö‡∏ó‡∏∏‡∏Å‡∏Ñ‡∏ô‡∏ö‡∏≠‡∏Å‡∏ß‡πà‡∏≤‡πÄ‡∏à‡∏≠‡πÅ‡∏ô‡∏ß‡∏Ñ‡∏¥‡∏î‡∏ô‡∏µ‡πâ‡∏°‡∏≤‡∏à‡∏≤‡∏Å YouTube,"neutral 
",0.6108369827270508
‡∏ü‡∏±‡∏ô‡πÅ‡∏à‡πà‡∏°‡πÉ‡∏™ ‡πÇ‡∏£‡∏á‡∏û‡∏¢‡∏≤‡∏ö‡∏≤‡∏•‡∏Å‡∏£‡∏∏‡∏á‡πÄ‡∏ó‡∏û‡∏†‡∏π‡πÄ‡∏Å‡πá‡∏ï #‡∏ó‡∏≥‡∏ü‡∏±‡∏ô‡πÉ‡∏ä‡πâ‡∏õ‡∏£‡∏∞‡∏Å‡∏±‡∏ô‡∏™‡∏±‡∏á‡∏Ñ‡∏°‡∏ó‡∏µ‡πà‡∏Å‡∏£‡∏∏‡∏á‡πÄ‡∏ó‡∏û‡∏†‡∏π‡πÄ‡∏Å‡πá‡∏ï,"positive 
",0.6281826496124268
‡πÑ‡∏°‡πà‡∏ä‡∏≠‡∏ö‡∏ï‡πâ‡∏° ‡∏ä‡∏≠‡∏ö‡∏õ‡∏¥‡πâ‡∏á‡∏¢‡πà‡∏≤‡∏á‡∏á‡∏á,"negative 
",0.6764380931854248
‡∏¢‡∏±‡∏á‡πÑ‡∏°‡πà‡πÄ‡∏´‡πá‡∏ô,"neutral 
",0.6048688888549805
‡∏ô‡∏µ‡πâ‡πÜ ‡∏ß‡∏±‡∏ô‡∏ô‡∏µ‡πâ‡πÄ‡∏´‡∏ô‡∏∑‡πà‡∏≠‡∏¢‡∏à‡∏±‡∏á,"negative 
",0.6466362476348877
‡∏ö‡∏∏‡∏ü‡πÄ‡∏ü‡πà‡∏ö‡∏≤‡∏ö‡∏µ‡∏Å‡πâ‡∏≠‡∏ô‡∏Å‡∏±‡∏ô‡∏´‡∏ß‡∏≤,"positive 
",0.5814220905303955
‡πÄ‡∏£‡∏≤‡∏Å‡πá‡πÉ‡∏ä‡πâ Mazda 3 ‡∏õ‡∏µ‡∏ô‡∏µ‡πâ‡πÄ‡∏Ç‡πâ‡∏≤‡∏õ‡∏µ‡∏ó‡∏µ‡πà4 ‡πÑ‡∏°‡πà‡πÄ‡∏Ñ‡∏¢‡∏ã‡πà‡∏≠‡∏°‡πÄ‡∏•‡∏¢ ‡∏°‡∏µ‡πÅ‡∏ï‡πà‡πÄ‡∏≠‡∏≤‡πÑ‡∏õ‡πÄ‡∏ä‡πá‡∏Ñ‡∏õ‡∏µ‡∏•‡∏∞‡∏Ñ‡∏£‡∏±‡πâ‡∏á ‡∏ã‡∏∑‡πâ‡∏≠‡∏ó‡∏µ‡πà‡∏≠‡∏≠‡∏™‡πÄ‡∏ï‡∏£‡πÄ‡∏•‡∏µ‡∏¢,"positive 
",0.6371128559112549
‡∏á‡∏î‡∏Å‡∏¥‡∏ô‡∏•‡∏µ‡πÇ‡∏≠‡∏ó‡∏±‡∏±‡πâ‡∏á‡∏à‡∏±‡∏á‡∏´‡∏ß‡∏±‡∏î‡∏°‡∏±‡∏ô‡∏ó‡∏≥‡∏´‡∏•‡∏≤‡∏¢‡πÅ‡∏ü‡∏ô‡∏ö‡∏≠‡∏•‡πÑ‡∏î‡πâ ‡πÅ‡∏ü‡∏ô‡∏ö‡∏≠‡∏•‡∏Å‡πâ‡∏ó‡∏≥‡∏´‡∏•‡∏≤‡∏¢‡∏°‡∏∂‡∏á‡πÑ‡∏î‡πâ,"negative 
",0.6035928726196289
‚Äú‡∏≠‡∏≥‡∏ô‡∏≤‡∏à‡πÑ‡∏°‡πà‡πÄ‡∏Ñ‡∏¢‡πÄ‡∏õ‡πá‡∏ô‡∏Ç‡∏≠‡∏á‡∏õ‡∏£‡∏∞‡∏ä‡∏≤‡∏ä‡∏ô ‡∏™‡∏≤‡∏°‡∏±‡∏ç‡∏ä‡∏ô‡∏ï‡πâ‡∏≠‡∏á‡∏•‡∏∏‡∏Å‡∏°‡∏≤‡∏ó‡∏ß‡∏á‡∏Ñ‡∏∑‡∏ô‚Äù ‡πÄ‡∏õ‡∏¥‡∏î‡∏ï‡∏±‡∏ß‡∏ú‡∏π‡πâ‡∏™‡∏°‡∏±‡∏Ñ‡∏£‡∏™‡∏°‡∏≤‡∏ä‡∏¥‡∏Å‡∏™‡∏†‡∏≤‡∏ú‡∏π‡πâ‡πÅ‡∏ó‡∏ô‡∏£‡∏≤‡∏©‡∏é‡∏£‡∏à‡∏±‡∏á‡∏´‡∏ß‡∏±‡∏î‡πÄ‡∏•‡∏¢ ‡πÄ‡∏Ç‡∏ï1 ‡πÅ‡∏•‡∏∞ ‡πÄ‡∏Ç‡∏ï3 ‡∏û‡∏£‡∏£‡∏Ñ‡∏™‡∏≤‡∏°‡∏±‡∏ç‡∏ä‡∏ô ‡∏à‡∏≤‡∏Å‡∏Ñ‡∏ô‡∏ò‡∏£‡∏£‡∏°‡∏î‡∏≤‡∏ï‡πà‡∏≠‡∏™‡∏π‡πâ‡πÉ‡∏ô‡∏´‡∏°‡∏π‡πà‡∏ö‡πâ‡∏≤‡∏ô‡∏Ñ‡∏±‡∏î‡∏Ñ‡πâ‡∏≤‡∏ô‡πÄ‡∏´‡∏°‡∏∑‡∏≠‡∏á‡πÅ‡∏£‡πà‡∏ó‡∏≠‡∏á‡∏Ñ‡∏≥ ‡∏≠‡∏≥‡πÄ‡∏†‡∏≠‡∏ß‡∏±‡∏á‡∏™‡∏∞‡∏û‡∏∏‡∏á ‡∏à‡∏±‡∏á‡∏´‡∏ß‡∏±‡∏î‡πÄ‡∏•‡∏¢,"negative 
",0.6089141368865967
‡∏°‡∏µ‡∏ö‡∏£‡∏¥‡πÇ‡∏≠‡πâ‡∏°‡∏±‡πä‡∏¢‡∏Ñ‡∏±‡∏ö,"question 
",0.6385719776153564
‡∏™‡πà‡∏ß‡∏ô‡∏ú‡∏™‡∏°‡∏™‡∏≥‡∏Ñ‡∏±‡∏ç‡∏à‡∏≤‡∏Å‡∏ò‡∏£‡∏£‡∏°‡∏ä‡∏≤‡∏ï‡∏¥(Active Ingredient)‡∏Ç‡∏≠‡∏á Smooth E Acne clear Makeup Cleansing Water ‡∏Ñ‡∏∑‡∏≠ 1.Mango Steen Extract ‡∏™‡∏≤‡∏£‡∏™‡∏Å‡∏±‡∏î‡∏ò‡∏£‡∏£‡∏°‡∏ä‡∏≤‡∏ï‡∏¥‡∏à‡∏≤‡∏Å‡πÄ‡∏õ‡∏•‡∏∑‡∏≠‡∏Å‡∏°‡∏±‡∏á‡∏Ñ‡∏∏‡∏î ‡∏°‡∏µ‡∏Ñ‡∏∏‡∏ì‡∏™‡∏°‡∏ö‡∏±‡∏ï‡∏¥‡∏ä‡πà‡∏ß‡∏¢‡∏™‡∏•‡∏≤‡∏¢‡∏ï‡πâ‡∏ô‡∏ï‡∏≠‡∏Ç‡∏≠‡∏á‡∏Å‡∏≤‡∏£‡πÄ‡∏Å‡∏¥‡∏î‡∏™‡∏¥‡∏ß ‡∏õ‡πâ‡∏≠‡∏á‡∏Å‡∏±‡∏ô‡πÅ‡∏•‡∏∞‡∏î‡∏π‡πÅ‡∏•‡∏õ‡∏±‡∏ç‡∏´‡∏≤‡∏™‡∏¥‡∏ß ‡∏™‡∏¥‡∏ß‡∏≠‡∏∏‡∏î‡∏ï‡∏±‡∏ô 2.Centulla Asiatica Extract‡∏™‡∏≤‡∏£‡∏™‡∏Å‡∏±‡∏î‡∏ò‡∏£‡∏£‡∏°‡∏ä‡∏≤‡∏ï‡∏¥‡∏à‡∏≤‡∏Å‡πÉ‡∏ö‡∏ö‡∏±‡∏ß‡∏ö‡∏Å ‡∏°‡∏µ‡∏Ñ‡∏∏‡∏ì‡∏™‡∏°‡∏ö‡∏±‡∏ï‡∏¥‡∏ä‡πà‡∏ß‡∏¢‡∏•‡∏î‡πÄ‡∏•‡∏∑‡∏≠‡∏ô‡∏£‡∏¥‡πâ‡∏ß‡∏£‡∏≠‡∏¢ ‡∏£‡∏≠‡∏¢‡∏î‡∏≥ ‡∏£‡∏≠‡∏¢‡πÅ‡∏î‡∏á‡∏à‡∏≤‡∏Å‡∏™‡∏¥‡∏ß #‡∏™‡∏°‡∏π‡∏ó‡∏≠‡∏µ‡∏Ñ‡∏•‡∏µ‡∏ô‡∏ã‡∏¥‡πà‡∏á‡∏ß‡∏≠‡πÄ‡∏ï‡∏≠‡∏£‡πå,"positive 
",0.6144142150878906
‡πÇ‡∏Ü‡∏©‡∏ì‡∏≤‡∏ú‡πâ‡∏≤‡∏≠‡∏ô‡∏≤‡∏°‡∏±‡∏¢ ‡πÄ‡∏≠‡πà‡∏≠‡∏≠‡∏≠‡∏î‡πà‡∏≤‡πÄ‡∏Ñ‡πâ‡∏≤‡∏°‡∏±‡∏¢‡∏≠‡πà‡∏∞ ‡∏°‡∏µ‡∏õ‡∏±‡∏ç‡∏ç‡∏≤‡∏ó‡πÑ‡∏î‡πâ‡∏≠‡∏¢‡πà‡∏≤‡∏á‡πÄ‡∏Ñ‡πâ‡∏≤‡∏õ‡πà‡∏∞,"negative 
",0.6285293102264404
‡∏≠‡∏≤‡∏à‡∏à‡∏∞‡πÅ‡∏û‡πâ‡∏≠‡∏∞‡πÑ‡∏£‡∏ö‡∏≤‡∏á‡∏≠‡∏¢‡πà‡∏≤‡∏á‡∏Å‡πá‡πÑ‡∏î‡πâ‡∏ô‡∏∞‡∏Ñ‡∏£‡∏±‡∏ö ‡∏ä‡πà‡∏ß‡∏á‡∏ô‡∏µ‡πâ‡∏Ñ‡∏ß‡∏£‡πÄ‡∏•‡∏µ‡πà‡∏¢‡∏á‡πÄ‡∏´‡∏á‡∏∑‡πà‡∏≠ ‡∏ñ‡πâ‡∏≤‡∏Ñ‡∏±‡∏ô‡πÉ‡∏´‡πâ‡πÉ‡∏ä‡πâ‡∏õ‡∏£‡∏∞‡∏Ñ‡∏ö‡πÄ‡∏¢‡πá‡∏ô‡πÄ‡∏≠‡∏≤ ‡πÉ‡∏ä‡πâ‡∏ñ‡∏∏‡∏á‡πÄ‡∏à‡∏•‡πÄ‡∏¢‡πá‡∏ô ‡∏™‡∏µ‡∏ü‡πâ‡∏≤‡πÜ ‡∏ó‡∏µ‡πà‡πÄ‡∏≠‡∏≤‡πÑ‡∏ß‡πâ‡πÅ‡∏ä‡πà‡πÉ‡∏ô‡∏ï‡∏π‡πâ‡πÄ‡∏¢‡πá‡∏ô‡∏≠‡∏∞‡∏Ñ‡∏£‡∏±‡∏ö ‡∏õ‡∏£‡∏∞‡∏Ñ‡∏ö‡∏•‡∏î‡∏Ñ‡∏±‡∏ô‡πÑ‡∏î‡πâ ‡∏™‡πà‡∏ß‡∏ô‡∏Ñ‡∏£‡∏µ‡∏°‡∏•‡∏≠‡∏á‡∏ó‡∏≤‡∏¢‡∏π‡πÄ‡∏ã‡∏≠‡∏£‡πå‡∏£‡∏µ‡∏ô‡πÇ‡∏≠‡πÄ‡∏°‡∏Å‡πâ‡∏≤‡∏î‡∏π‡∏Å‡πà‡∏≠‡∏ô,"negative 
",0.6714432239532471
‡∏ô‡∏¥‡∏™‡∏™‡∏±‡∏ô. ‡πÄ‡∏≠‡πá‡∏Å‡πÄ‡∏ó‡∏•‡∏°‡∏µ‡πÄ‡∏õ‡∏•‡πà‡∏≤,"question 
",0.6414189338684082
‡∏°‡∏µ‡∏Ç‡πà‡∏≤‡∏ß‡∏î‡∏µ‡∏Ñ‡∏∑ ‡πÑ‡∏î‡πâ‡πÄ‡∏ö‡∏µ‡∏¢‡∏£‡πå‡∏¢‡∏π‡∏°‡∏≤ 2‡∏•‡∏±‡∏á‡∏ü‡∏£‡∏µ‡πÜ ‡∏°‡∏µ‡πÉ‡∏Ñ‡∏£‡∏™‡∏ô‡πÉ‡∏à‡∏°‡∏≤‡∏õ‡∏≤‡∏£‡∏ï‡∏µ‡πâ‡∏°‡∏±‡πâ‡∏¢,"positive 
",0.6597623825073242
‡∏°‡∏≤‡∏£‡πå‡∏Ñ‡∏´‡∏ô‡πâ‡∏≤‡∏î‡πâ‡∏ß‡∏¢‡πÄ‡∏ö‡∏ô‡πÄ‡πÄ‡∏ã‡∏Ñ‡∏Å‡πá‡πÅ‡∏•‡πâ‡∏ß bk ‡∏Å‡πá‡πÅ‡∏•‡πâ‡∏ß ‡∏•‡πà‡∏≤‡∏™‡∏∏‡∏î‡πÄ‡∏≠‡∏≤‡∏Å‡∏≤‡∏£‡πå‡∏ô‡∏¥‡πÄ‡∏¢‡πà sleeping yogurt ‡∏°‡∏≤‡∏ó‡∏≤‡∏ó‡∏±‡∏ö‡∏≠‡∏™‡∏±‡∏Å‡∏û‡∏±‡∏Å‡πÅ‡∏™‡∏ö‡∏´‡∏ô‡πâ‡∏≤‡πÄ‡∏•‡∏¢‡∏ï‡πâ‡∏≠‡∏á‡πÄ‡∏≠‡∏≤‡∏™‡∏≥‡∏•‡∏µ‡∏ä‡∏∏‡∏ö‡∏ô‡πâ‡∏≥‚Ä¶,"negative 
",0.6174418926239014
‡πÅ‡∏Æ‡∏á‡∏Ñ‡πå‡∏´‡∏ß‡∏∞ ‡∏ö‡∏≠‡∏Å‡πÅ‡∏•‡πâ‡∏ß‡∏Å‡∏¥‡∏ô‡πÄ‡∏ö‡∏µ‡∏¢‡∏£‡πå‡∏ä‡πâ‡∏≤‡∏á‡∏ö‡∏ß‡∏Å‡∏≠‡∏≤‡∏Å‡∏≤‡∏®‡∏£‡πâ‡∏≠‡∏ô ‡∏ô‡∏µ‡πà‡∏à‡∏∞‡∏ï‡∏≤‡∏¢‡πÅ‡∏•‡πâ‡∏ß,"negative 
",0.6386137008666992
‡∏™‡∏°‡πÄ‡∏î‡πá‡∏à‡∏û‡∏£‡∏∞‡πÄ‡∏à‡πâ‡∏≤‡∏≠‡∏¢‡∏π‡πà‡∏´‡∏±‡∏ß ‡πÄ‡∏™‡∏î‡πá‡∏à‡∏≠‡∏≠‡∏Å ‡∏ì ‡∏û‡∏£‡∏∞‡∏ó‡∏µ‡πà‡∏ô‡∏±‡πà‡∏á‡∏≠‡∏±‡∏°‡∏û‡∏£‡∏™‡∏ñ‡∏≤‡∏ô ‡∏û‡∏£‡∏∞‡∏£‡∏≤‡∏ä‡∏ß‡∏±‡∏á‡∏î‡∏∏‡∏™‡∏¥‡∏ï ‡∏û‡∏£‡∏∞‡∏£‡∏≤‡∏ä‡∏ó‡∏≤‡∏ô‡∏û‡∏£‡∏∞‡∏£‡∏≤‡∏ä‡∏ß‡πÇ‡∏£‡∏Å‡∏≤‡∏™‡πÉ‡∏´‡πâ ‡∏ô‡∏≤‡∏¢‡∏•‡∏á ‡∏ß‡∏¥‡∏ã‡∏≤‡πÇ‡∏• ‡πÄ‡∏≠‡∏Å‡∏≠‡∏±‡∏Ñ‡∏£‡∏£‡∏≤‡∏ä‡∏ó‡∏π‡∏ï‡∏£‡∏≤‡∏ä‡∏≠‡∏≤‡∏ì‡∏≤‡∏à‡∏±‡∏Å‡∏£‡∏Å‡∏±‡∏°‡∏û‡∏π‡∏ä‡∏≤‡∏õ‡∏£‡∏∞‡∏à‡∏≥‡∏õ‡∏£‡∏∞‡πÄ‡∏ó‡∏®‡πÑ‡∏ó‡∏¢ ‡πÄ‡∏ù‡πâ‡∏≤‡∏ó‡∏π‡∏•‡∏•‡∏∞‡∏≠‡∏≠‡∏á‡∏ò‡∏∏‡∏•‡∏µ‡∏û‡∏£‡∏∞‡∏ö‡∏≤‡∏ó ‡∏Å‡∏£‡∏≤‡∏ö‡∏ö‡∏±‡∏á‡∏Ñ‡∏°‡∏ó‡∏π‡∏•‡∏•‡∏≤ ‡πÉ‡∏ô‡πÇ‡∏≠‡∏Å‡∏≤‡∏™‡∏û‡πâ‡∏ô‡∏à‡∏≤‡∏Å‡∏ï‡∏≥‡πÅ‡∏´‡∏ô‡πà‡∏á‡∏´‡∏ô‡πâ‡∏≤‡∏ó‡∏µ‡πà,"neutral 
",0.651634693145752
‡∏ú‡∏±‡∏ö‡∏™‡∏ô‡∏∏‡∏Å‡πÜ‡πÄ‡∏õ‡∏¥‡∏î‡πÅ‡∏•‡πâ‡∏ß‡∏à‡πâ‡∏≤ ‡∏ß‡∏±‡∏ô‡∏ô‡∏µ‡πâ‡πÉ‡∏Ñ‡∏£‡∏≠‡∏¢‡∏≤‡∏Å‡∏ï‡∏∑‡πä‡∏î‡πÄ‡∏à‡∏≠‡∏Å‡∏±‡∏ô‡πÑ‡∏î‡πâ‡∏ó‡∏µ‡πà #SNOP ‡πÄ‡∏¢‡πá‡∏ô‡∏ô‡∏µ‡πâ!!! ‡πÇ‡∏õ‡∏£ #SNOP ‡∏™‡∏∏‡∏î‡∏Ñ‡∏∏‡πâ‡∏° #‡πÄ‡∏™‡∏µ‡πà‡∏¢‡∏™‡∏±‡πà‡∏á‡∏•‡∏∏‡∏¢ ‡πÄ‡∏õ‡∏¥‡∏î‡πÄ‡∏´‡∏•‡πâ‡∏≤‡∏≠‡∏∞‡πÑ‡∏£‡∏Å‡πá‡πÑ‡∏î‡πâ ‡∏£‡∏±‡∏ö‡πÄ‡∏ö‡∏•‡∏ô‡∏î‡πå‡∏ã‡∏¥‡∏Å‡πÄ‡∏û‡∏¥‡πà‡∏°‡∏≠‡∏µ‡∏Å 6 ‡∏Ç‡∏ß‡∏î ‡∏ß‡∏±‡∏ô‡πÄ‡∏Å‡∏¥‡∏î‡∏£‡∏±‡∏ö‡πÄ‡∏ö‡∏•‡∏ô‡∏î‡πå‡∏ã‡∏¥‡∏Å‡∏ü‡∏£‡∏µ 2 ‡∏Ç‡∏ß‡∏î ‡∏™‡πà‡∏ß‡∏ô‡πÉ‡∏Ñ‡∏£‡∏ó‡∏µ‡πà‡∏≠‡∏¢‡∏≤‡∏Å‡∏à‡∏≠‡∏á‡πÇ‡∏ï‡πä‡∏∞‡πÇ‡∏ó‡∏£‡πÄ‡∏ö‡∏≠‡∏£‡πå‡∏ô‡∏µ‡πâ‡πÄ‡∏•‡∏¢‡∏à‡πâ‡∏≤ 08 88 88 88 88 / 088 888 8888,"positive 
",0.6149256229400635
‡∏ú‡∏°‡∏ß‡πà‡∏≤‡∏°‡∏≤‡∏™‡∏î‡πâ‡∏≤‡∏Ñ‡∏ß‡∏£‡∏à‡∏∞‡∏™‡πà‡∏á‡∏ú‡∏π‡πâ‡∏ö‡∏£‡∏¥‡∏´‡∏≤‡∏£‡πÑ‡∏õ‡πÄ‡∏£‡∏µ‡∏¢‡∏ô‡∏û‡∏∑‡πâ‡∏ô‡∏ê‡∏≤‡∏ô‡∏Å‡∏≤‡∏£‡∏ö‡∏£‡∏¥‡∏Å‡∏≤‡∏£‡πÅ‡∏•‡∏∞‡∏à‡∏±‡∏î‡∏Å‡∏≤‡∏£‡∏•‡∏π‡∏Å‡∏Ñ‡πâ‡∏≤‡∏°‡∏≤‡∏Å‡∏Å‡∏ß‡πà‡∏≤‡∏ô‡∏∞,"negative 
",0.6575424671173096
‡πÅ‡∏Å‡πÉ‡∏ä‡πâ‡∏Ñ‡∏£‡∏±‡∏ö ‡∏°‡∏¥‡∏™‡∏ó‡∏µ‡∏ô,"neutral 
",0.623096227645874
‡πÉ‡∏´‡∏°‡πà ‡∏Ñ‡∏π‡πà‡πÅ‡∏Ç‡πà‡∏á Prius/Ioniq ‡πÄ‡∏ú‡∏¢‡πÇ‡∏â‡∏°‡πÅ‡∏•‡πâ‡∏ß‡πÉ‡∏ô‡∏™‡∏´‡∏£‡∏±‡∏ê‡∏Ø,"neutral 
",0.6536705493927002
‡∏Å‡∏≤‡∏£‡∏ï‡∏•‡∏≤‡∏î‡∏à‡∏±‡∏î‡∏´‡∏ô‡∏±‡∏Å ‡πÇ‡∏Ñ‡∏ï‡∏£‡∏î‡∏∏ ‡πÇ‡∏Ñ‡∏ï‡∏£‡πÅ‡∏ô‡πà‡∏ô‚ÄºÔ∏è ‡∏õ‡πâ‡∏≤‡∏¢‡∏¢‡∏±‡∏Å‡∏©‡πå ‡∏ö‡∏¥‡∏•‡∏ö‡∏≠‡∏£‡πå‡∏î ‡∏£‡∏ñ‡πÑ‡∏ü‡∏ü‡πâ‡∏≤ BTS ‡πÉ‡∏ï‡πâ‡∏î‡∏¥‡∏ô ‡∏™‡∏ô‡∏≤‡∏°‡∏ö‡∏¥‡∏ô ‡∏£‡∏ñ‡πÄ‡∏°‡∏¢‡πå ‡∏ó‡∏π‡∏õ ‡∏ö‡∏π‡∏ò‡∏Ø ‡πÄ‡∏≠‡∏≤‡∏ó‡∏∏‡∏Å‡∏≠‡∏¢‡πà‡∏≤‡∏á ‡∏õ‡∏µ 2018 ‡∏ß‡πà‡∏≤‡∏õ‡∏±‡∏á‡πÅ‡∏Ñ‡πà‡πÑ‡∏´‡∏ô ‚ÄºÔ∏è ‡∏ï‡∏¥‡∏î‡∏ï‡∏≤‡∏°‡∏õ‡∏µ 2019 ‡πÉ‡∏´‡πâ‡∏î‡∏µ ‡∏°‡∏µ‡πÉ‡∏´‡πâ‡∏ß‡πä‡∏≤‡∏ß‡∏ó‡∏∏‡∏Å‡∏ô‡∏≤‡∏ó‡∏µ‡πÅ‡∏ô‡πà‡∏ô‡∏≠‡∏ô üí•üéâ #NEWYEAR #NEWWINKWHITE,"positive 
",0.7108409404754639
‡∏à‡∏±‡∏ö‡∏ï‡∏≤‡πÑ‡∏Ç‡∏°‡∏±‡∏ô‡∏ó‡∏£‡∏≤‡∏ô‡∏™‡πå‡∏´‡∏•‡∏±‡∏á‡∏Å‡∏é‡∏´‡∏°‡∏≤‡∏¢‡∏ö‡∏±‡∏á‡∏Ñ‡∏±‡∏ö‡πÉ‡∏ä‡πâ 9 ‡∏°.‡∏Ñ. ‡∏™‡∏™‡∏™. ‡∏ú‡∏ô‡∏∂‡∏Å 6 ‡∏≠‡∏á‡∏Ñ‡πå‡∏Å‡∏£‡πÄ‡∏Ñ‡∏£‡∏∑‡∏≠‡∏Ç‡πà‡∏≤‡∏¢‡∏ô‡∏±‡∏Å‡πÇ‡∏†‡∏ä‡∏ô‡∏≤‡∏Å‡∏≤‡∏£-‡πÅ‡∏û‡∏ó‡∏¢‡πå ‡∏´‡πà‡∏ß‡∏á‡∏û‡∏§‡∏ï‡∏¥‡∏Å‡∏£‡∏£‡∏°‡∏ú‡∏π‡πâ‡∏ö‡∏£‡∏¥‡πÇ‡∏†‡∏Ñ‡∏™‡∏ß‡∏¥‡∏á ‡∏Å‡∏¥‡∏ô‡πÑ‡∏Ç‡∏°‡∏±‡∏ô‡πÑ‡∏°‡πà‡∏¢‡∏±‡πâ‡∏á ‡πÄ‡∏Ñ‡∏£‡∏∑‡∏≠‡∏Ç‡πà‡∏≤‡∏¢‡∏•‡∏î‡∏ö‡∏£‡∏¥‡πÇ‡∏†‡∏Ñ‡πÑ‡∏Ç‡∏°‡∏±‡∏ô‡πÅ‡∏ô‡∏∞‡∏Å‡∏¥‡∏ô‡πÑ‡∏Ç‡∏°‡∏±‡∏ô‡∏ó‡∏µ‡πà‡πÄ‡∏´‡∏°‡∏≤‡∏∞‡∏™‡∏°‡πÉ‡∏ô‡πÅ‡∏ï‡πà‡∏•‡∏∞‡∏ß‡∏±‡∏ô ‡πÑ‡∏°‡πà‡πÄ‡∏Å‡∏¥‡∏ô 2-3 ‡∏ä‡πâ‡∏≠‡∏ô‡∏ä‡∏≤‡∏ï‡πà‡∏≠‡∏°‡∏∑‡πâ‡∏≠ https://www.voicetv.co.th/read/_KO9DupO6 #VoiceOnline,"negative 
",0.5984005928039551
‡∏™‡∏¥‡∏á‡∏´‡πå.‡∏ä‡πâ‡∏≤‡∏á.‡∏•‡∏µ‡πÇ‡∏≠.‡πÅ‡∏°‡πà‡πÇ‡∏Ç‡∏á.‡∏´‡∏á‡∏™‡πå‡∏ó‡∏≠‡∏á.‡∏Ç‡∏≤‡∏ß‡∏Ø‡∏•‡∏Ø‡∏û‡∏ß‡∏Å‡∏ô‡∏µ‡πâ‡∏ï‡πâ‡∏≠‡∏á‡∏ö‡∏£‡∏¥‡∏à‡∏≤‡∏Ñ‡πÄ‡∏¢‡∏≠‡∏∞‡πÜ‡πÄ‡∏´‡πá‡∏ô‡∏î‡πâ‡∏ß‡∏¢‡∏Ñ‡∏£‡∏±‡∏ö,"positive 
",0.5999758243560791
‡πÑ‡∏î‡πâ‡∏´‡∏°‡∏î‡∏ñ‡πâ‡∏≤‡∏™‡∏î‡∏ä‡∏∑‡πà‡∏ô...555,"positive 
",0.680875301361084
‡∏£‡∏µ‡πÇ‡∏ß‡πà‡∏õ‡∏µ‡πÑ‡∏´‡∏ô‡∏•‡πà‡∏∞‡∏ó‡∏µ‡πà‡∏á‡∏ß‡∏î‡∏•‡πà‡∏∞700‡∏Å‡πà‡∏≤‡∏ß ‡πÑ‡∏°‡πà‡∏°‡∏µ‡∏ö‡∏±‡∏ï‡∏£‡πÄ‡∏Ñ‡∏£‡∏î‡∏¥‡∏ï‡∏ó‡∏≥‡πÑ‡∏î‡πâ‡∏õ‡πâ‡∏≤‡∏ß,"neutral 
",0.6952006816864014
‡∏•‡∏î‡∏ô‡πâ‡∏≥‡∏´‡∏ô‡∏±‡∏Å‡∏¢‡∏∏............!!!,"negative 
",0.710137128829956
‡πÄ‡∏´‡πâ‡∏≠ ‡∏•‡∏≥‡∏ö‡∏≤‡∏Å‡πÉ‡∏à,"negative 
",0.5866525173187256
‡πÄ‡∏°‡∏≠‡∏ô‡∏≠‡∏ü‡∏õ‡πã‡∏≠‡∏á‡∏î‡∏≥‡πÅ‡∏î‡∏á‡πÑ‡∏°‡πà‡πÄ‡∏´‡πá‡∏ô‡∏ô‡πá‡∏≠‡∏Ñ‡πÄ‡∏•‡∏¢‡∏ß‡∏∞‡∏∞‡∏∞‡∏∞ ‡∏≠‡∏±‡∏û‡∏Å‡∏¥‡∏•‡πÄ‡∏ß‡πâ‡∏¢‡∏¢‡∏¢‡∏¢,"negative 
",0.6131062507629395
‡∏õ‡πà‡∏≤‡∏ß ‡∏≠‡∏¢‡∏≤‡∏Å‡∏Å‡∏¥‡∏ô‡∏•‡∏µ‡πÇ‡∏≠555,"positive 
",0.6016409397125244
